rosbagTimestamp,linear,x,y,z,angular,x,y,z
112882000000,,0.0,0.0,0.0,,0.0,0.0,0.0
112882000000,,0.0,0.0,0.0,,0.0,0.0,0.0
112882000000,,0.0,0.0,0.0,,0.0,0.0,0.0
112882000000,,0.0,0.0,0.0,,0.0,0.0,0.0
112882000000,,0.0,0.0,0.0,,0.0,0.0,0.0
112882000000,,0.0,0.0,0.0,,0.0,0.0,0.0
112882000000,,0.0,0.0,0.0,,0.0,0.0,0.0
112882000000,,0.0,0.0,0.0,,0.0,0.0,0.0
112882000000,,0.0,0.0,0.0,,0.0,0.0,0.0
112882000000,,0.0,0.0,0.0,,0.0,0.0,0.0
112882000000,,0.0,0.0,0.0,,0.0,0.0,0.0
112882000000,,0.0,0.0,0.0,,0.0,0.0,0.0
112882000000,,0.0,0.0,0.0,,0.0,0.0,0.0
112882000000,,0.0,0.0,0.0,,0.0,0.0,0.0
112963000000,,0.0,0.0,0.0,,0.0,0.0,0.0
113035000000,,0.0,0.0,0.0,,0.0,0.0,0.0
113035000000,,0.0,0.0,0.0,,0.0,0.0,0.0
113035000000,,0.0,0.0,0.0,,0.0,0.0,0.0
113035000000,,0.0,0.0,0.0,,0.0,0.0,0.0
113035000000,,0.0,0.0,0.0,,0.0,0.0,0.0
113115000000,,0.0,0.0,0.0,,0.0,0.0,0.0
113215000000,,0.0,0.0,0.0,,0.0,0.0,0.0
113315000000,,0.0,0.0,0.0,,0.0,0.0,0.0
113414000000,,0.0,0.0,0.0,,0.0,0.0,0.0
113515000000,,0.0,0.0,0.0,,0.0,0.0,0.0
113615000000,,0.0,0.0,0.0,,0.0,0.0,0.0
113715000000,,0.0,0.0,0.0,,0.0,0.0,0.0
113816000000,,0.0,0.0,0.0,,0.0,0.0,0.0
113916000000,,0.0,0.0,0.0,,0.0,0.0,0.0
114016000000,,0.0,0.0,0.0,,0.0,0.0,0.0
114116000000,,0.0,0.0,0.0,,0.0,0.0,0.0
114216000000,,0.0,0.0,0.0,,0.0,0.0,0.0
114316000000,,0.0,0.0,0.0,,0.0,0.0,0.0
114416000000,,0.0,0.0,0.0,,0.0,0.0,0.0
114517000000,,0.0,0.0,0.0,,0.0,0.0,0.0
114617000000,,0.0,0.0,0.0,,0.0,0.0,0.0
114717000000,,0.0,0.0,0.0,,0.0,0.0,0.0
114815000000,,0.0,0.0,0.0,,0.0,0.0,0.0
114918000000,,0.0,0.0,0.0,,0.0,0.0,0.0
115017000000,,0.0,0.0,0.0,,0.0,0.0,0.0
115113000000,,0.0,0.0,0.0,,0.0,0.0,0.0
115213000000,,0.0,0.0,0.0,,0.0,0.0,0.0
115312000000,,0.0,0.0,0.0,,0.0,0.0,0.0
115411000000,,0.0,0.0,0.0,,0.0,0.0,0.0
115512000000,,0.0,0.0,0.0,,0.0,0.0,0.0
115610000000,,0.0,0.0,0.0,,0.0,0.0,0.0
115710000000,,0.0,0.0,0.0,,0.0,0.0,0.0
115811000000,,0.0,0.0,0.0,,0.0,0.0,0.0
115911000000,,0.0,0.0,0.0,,0.0,0.0,0.0
116011000000,,0.0,0.0,0.0,,0.0,0.0,0.0
116111000000,,0.0,0.0,0.0,,0.0,0.0,0.0
116211000000,,0.0,0.0,0.0,,0.0,0.0,0.0
116312000000,,0.0,0.0,0.0,,0.0,0.0,0.0
116412000000,,0.0,0.0,0.0,,0.0,0.0,0.0
116510000000,,0.0,0.0,0.0,,0.0,0.0,0.0
116612000000,,0.0,0.0,0.0,,0.0,0.0,0.0
116712000000,,0.0,0.0,0.0,,0.0,0.0,0.0
116812000000,,0.0,0.0,0.0,,0.0,0.0,0.0
116912000000,,0.0,0.0,0.0,,0.0,0.0,0.0
117012000000,,0.0,0.0,0.0,,0.0,0.0,0.0
117113000000,,0.0,0.0,0.0,,0.0,0.0,0.0
117213000000,,0.0,0.0,0.0,,0.0,0.0,0.0
117313000000,,0.0,0.0,0.0,,0.0,0.0,0.0
117413000000,,0.0,0.0,0.0,,0.0,0.0,0.0
117513000000,,0.0,0.0,0.0,,0.0,0.0,0.0
117613000000,,0.0,0.0,0.0,,0.0,0.0,0.0
117713000000,,0.0,0.0,0.0,,0.0,0.0,0.0
117814000000,,0.0,0.0,0.0,,0.0,0.0,0.0
117913000000,,0.0,0.0,0.0,,0.0,0.0,0.0
118014000000,,0.0,0.0,0.0,,0.0,0.0,0.0
118114000000,,0.0,0.0,0.0,,0.0,0.0,0.0
118213000000,,0.0,0.0,0.0,,0.0,0.0,0.0
118314000000,,0.0,0.0,0.0,,0.0,0.0,0.0
118414000000,,0.0,0.0,0.0,,0.0,0.0,0.0
118514000000,,0.0,0.0,0.0,,0.0,0.0,0.0
118615000000,,0.0,0.0,0.0,,0.0,0.0,0.0
118714000000,,0.0,0.0,0.0,,0.0,0.0,0.0
118814000000,,0.0,0.0,0.0,,0.0,0.0,0.0
118915000000,,0.0,0.0,0.0,,0.0,0.0,0.0
119015000000,,0.0,0.0,0.0,,0.0,0.0,0.0
119115000000,,0.0,0.0,0.0,,0.0,0.0,0.0
119215000000,,0.0,0.0,0.0,,0.0,0.0,0.0
119315000000,,0.0,0.0,0.0,,0.0,0.0,0.0
119415000000,,0.0,0.0,0.0,,0.0,0.0,0.0
119515000000,,0.0,0.0,0.0,,0.0,0.0,0.0
119615000000,,0.0,0.0,0.0,,0.0,0.0,0.0
119715000000,,0.0,0.0,0.0,,0.0,0.0,0.0
119815000000,,0.0,0.0,0.0,,0.0,0.0,0.0
119915000000,,0.0,0.0,0.0,,0.0,0.0,0.0
120015000000,,0.0,0.0,0.0,,0.0,0.0,0.0
120116000000,,0.0,0.0,0.0,,0.0,0.0,0.0
120216000000,,0.0,0.0,0.0,,0.0,0.0,0.0
120316000000,,0.0,0.0,0.0,,0.0,0.0,0.0
120416000000,,0.0,0.0,0.0,,0.0,0.0,0.0
120516000000,,0.0,0.0,0.0,,0.0,0.0,0.0
120616000000,,0.0,0.0,0.0,,0.0,0.0,0.0
120715000000,,0.0,0.0,0.0,,0.0,0.0,0.0
120815000000,,0.0,0.0,0.0,,0.0,0.0,0.0
120916000000,,0.0,0.0,0.0,,0.0,0.0,0.0
121016000000,,0.0,0.0,0.0,,0.0,0.0,0.0
121116000000,,0.0,0.0,0.0,,0.0,0.0,0.0
121216000000,,0.0,0.0,0.0,,0.0,0.0,0.0
121317000000,,0.0,0.0,0.0,,0.0,0.0,0.0
121417000000,,0.0,0.0,0.0,,0.0,0.0,0.0
121517000000,,0.0,0.0,0.0,,0.0,0.0,0.0
121617000000,,0.0,0.0,0.0,,0.0,0.0,0.0
121717000000,,0.0,0.0,0.0,,0.0,0.0,0.0
121817000000,,0.0,0.0,0.0,,0.0,0.0,0.0
121917000000,,0.0,0.0,0.0,,0.0,0.0,0.0
122018000000,,0.0,0.0,0.0,,0.0,0.0,0.0
122118000000,,0.0,0.0,0.0,,0.0,0.0,0.0
122218000000,,0.0,0.0,0.0,,0.0,0.0,0.0
122318000000,,0.0,0.0,0.0,,0.0,0.0,0.0
122418000000,,0.0,0.0,0.0,,0.0,0.0,0.0
122518000000,,0.0,0.0,0.0,,0.0,0.0,0.0
122618000000,,0.0,0.0,0.0,,0.0,0.0,0.0
122717000000,,0.0,0.0,0.0,,0.0,0.0,0.0
122818000000,,0.0,0.0,0.0,,0.0,0.0,0.0
122918000000,,0.0,0.0,0.0,,0.0,0.0,0.0
123018000000,,0.0,0.0,0.0,,0.0,0.0,0.0
123118000000,,0.0,0.0,0.0,,0.0,0.0,0.0
123218000000,,0.0,0.0,0.0,,0.0,0.0,0.0
123318000000,,0.0,0.0,0.0,,0.0,0.0,0.0
123418000000,,0.0,0.0,0.0,,0.0,0.0,0.0
123518000000,,0.0,0.0,0.0,,0.0,0.0,0.0
123619000000,,0.0,0.0,0.0,,0.0,0.0,0.0
123719000000,,0.0,0.0,0.0,,0.0,0.0,0.0
123819000000,,0.0,0.0,0.0,,0.0,0.0,0.0
123919000000,,0.0,0.0,0.0,,0.0,0.0,0.0
124018000000,,0.0,0.0,0.0,,0.0,0.0,0.0
124118000000,,0.0,0.0,0.0,,0.0,0.0,0.0
124218000000,,0.0,0.0,0.0,,0.0,0.0,0.0
124318000000,,0.0,0.0,0.0,,0.0,0.0,0.0
124418000000,,0.0,0.0,0.0,,0.0,0.0,0.0
124518000000,,0.0,0.0,0.0,,0.0,0.0,0.0
124618000000,,0.0,0.0,0.0,,0.0,0.0,0.0
124718000000,,0.0,0.0,0.0,,0.0,0.0,0.0
124818000000,,0.0,0.0,0.0,,0.0,0.0,0.0
124918000000,,0.0,0.0,0.0,,0.0,0.0,0.0
125018000000,,0.0,0.0,0.0,,0.0,0.0,0.0
125118000000,,0.0,0.0,0.0,,0.0,0.0,0.0
125218000000,,0.0,0.0,0.0,,0.0,0.0,0.0
125318000000,,0.0,0.0,0.0,,0.0,0.0,0.0
125418000000,,0.0,0.0,0.0,,0.0,0.0,0.0
125518000000,,0.0,0.0,0.0,,0.0,0.0,0.0
125618000000,,0.0,0.0,0.0,,0.0,0.0,0.0
125718000000,,0.0,0.0,0.0,,0.0,0.0,0.0
125818000000,,0.0,0.0,0.0,,0.0,0.0,0.0
125918000000,,0.0,0.0,0.0,,0.0,0.0,0.0
126018000000,,0.0,0.0,0.0,,0.0,0.0,0.0
126120000000,,0.0,0.0,0.0,,0.0,0.0,0.0
126219000000,,0.0,0.0,0.0,,0.0,0.0,0.0
126320000000,,0.0,0.0,0.0,,0.0,0.0,0.0
126420000000,,0.0,0.0,0.0,,0.0,0.0,0.0
126520000000,,0.0,0.0,0.0,,0.0,0.0,0.0
126620000000,,0.0,0.0,0.0,,0.0,0.0,0.0
126720000000,,0.0,0.0,0.0,,0.0,0.0,0.0
126820000000,,0.0,0.0,0.0,,0.0,0.0,0.0
126920000000,,0.0,0.0,0.0,,0.0,0.0,0.0
127021000000,,0.0,0.0,0.0,,0.0,0.0,0.0
127121000000,,0.0,0.0,0.0,,0.0,0.0,0.0
127221000000,,0.0,0.0,0.0,,0.0,0.0,0.0
127321000000,,0.0,0.0,0.0,,0.0,0.0,0.0
127421000000,,0.0,0.0,0.0,,0.0,0.0,0.0
127521000000,,0.0,0.0,0.0,,0.0,0.0,0.0
127621000000,,0.0,0.0,0.0,,0.0,0.0,0.0
127722000000,,0.0,0.0,0.0,,0.0,0.0,0.0
127822000000,,0.0,0.0,0.0,,0.0,0.0,0.0
127922000000,,0.0,0.0,0.0,,0.0,0.0,0.0
128024000000,,0.0,0.0,0.0,,0.0,0.0,0.0
128122000000,,0.0,0.0,0.0,,0.0,0.0,0.0
128222000000,,0.0,0.0,0.0,,0.0,0.0,0.0
128322000000,,0.0,0.0,0.0,,0.0,0.0,0.0
128422000000,,0.0,0.0,0.0,,0.0,0.0,0.0
128522000000,,0.0,0.0,0.0,,0.0,0.0,0.0
128623000000,,0.0,0.0,0.0,,0.0,0.0,0.0
128723000000,,0.0,0.0,0.0,,0.0,0.0,0.0
128823000000,,0.0,0.0,0.0,,0.0,0.0,0.0
128923000000,,0.0,0.0,0.0,,0.0,0.0,0.0
129023000000,,0.0,0.0,0.0,,0.0,0.0,0.0
129123000000,,0.0,0.0,0.0,,0.0,0.0,0.0
129224000000,,0.0,0.0,0.0,,0.0,0.0,0.0
129324000000,,0.0,0.0,0.0,,0.0,0.0,0.0
129424000000,,0.0,0.0,0.0,,0.0,0.0,0.0
129523000000,,0.0,0.0,0.0,,0.0,0.0,0.0
129624000000,,0.0,0.0,0.0,,0.0,0.0,0.0
129724000000,,0.0,0.0,0.0,,0.0,0.0,0.0
129824000000,,0.0,0.0,0.0,,0.0,0.0,0.0
129924000000,,0.0,0.0,0.0,,0.0,0.0,0.0
130024000000,,0.0,0.0,0.0,,0.0,0.0,0.0
130124000000,,0.0,0.0,0.0,,0.0,0.0,0.0
130224000000,,0.0,0.0,0.0,,0.0,0.0,0.0
130324000000,,0.0,0.0,0.0,,0.0,0.0,0.0
130424000000,,0.0,0.0,0.0,,0.0,0.0,0.0
130524000000,,0.0,0.0,0.0,,0.0,0.0,0.0
130625000000,,0.0,0.0,0.0,,0.0,0.0,0.0
130725000000,,0.0,0.0,0.0,,0.0,0.0,0.0
130825000000,,0.0,0.0,0.0,,0.0,0.0,0.0
130925000000,,0.0,0.0,0.0,,0.0,0.0,0.0
131026000000,,0.0,0.0,0.0,,0.0,0.0,0.0
131125000000,,0.0,0.0,0.0,,0.0,0.0,0.0
131225000000,,0.0,0.0,0.0,,0.0,0.0,0.0
131326000000,,0.0,0.0,0.0,,0.0,0.0,0.0
131425000000,,0.0,0.0,0.0,,0.0,0.0,0.0
131525000000,,0.0,0.0,0.0,,0.0,0.0,0.0
131626000000,,0.0,0.0,0.0,,0.0,0.0,0.0
131726000000,,0.0,0.0,0.0,,0.0,0.0,0.0
131826000000,,0.0,0.0,0.0,,0.0,0.0,0.0
131926000000,,0.0,0.0,0.0,,0.0,0.0,0.0
132023000000,,0.0,0.0,0.0,,0.0,0.0,0.0
132130000000,,0.0,0.0,0.0,,0.0,0.0,0.0
132226000000,,0.0,0.0,0.0,,0.0,0.0,0.0
132327000000,,0.0,0.0,0.0,,0.0,0.0,0.0
132424000000,,0.0,0.0,0.0,,0.0,0.0,0.0
132524000000,,0.0,0.0,0.0,,0.0,0.0,0.0
132625000000,,0.0,0.0,0.0,,0.0,0.0,0.0
132725000000,,0.0,0.0,0.0,,0.0,0.0,0.0
132825000000,,0.0,0.0,0.0,,0.0,0.0,0.0
132925000000,,0.0,0.0,0.0,,0.0,0.0,0.0
133025000000,,0.0,0.0,0.0,,0.0,0.0,0.0
133125000000,,0.0,0.0,0.0,,0.0,0.0,0.0
133226000000,,0.0,0.0,0.0,,0.0,0.0,0.0
133325000000,,0.0,0.0,0.0,,0.0,0.0,0.0
133425000000,,0.0,0.0,0.0,,0.0,0.0,0.0
133525000000,,0.0,0.0,0.0,,0.0,0.0,0.0
133625000000,,0.0,0.0,0.0,,0.0,0.0,0.0
133723000000,,0.0,0.0,0.0,,0.0,0.0,0.0
133820000000,,0.0,0.0,0.0,,0.0,0.0,0.0
133920000000,,0.0,0.0,0.0,,0.0,0.0,0.0
134020000000,,0.0,0.0,0.0,,0.0,0.0,0.0
134120000000,,0.0,0.0,0.0,,0.0,0.0,0.0
134220000000,,0.0,0.0,0.0,,0.0,0.0,0.0
134320000000,,0.0,0.0,0.0,,0.0,0.0,0.0
134420000000,,0.0,0.0,0.0,,0.0,0.0,0.0
134521000000,,0.0,0.0,0.0,,0.0,0.0,0.0
134621000000,,0.0,0.0,0.0,,0.0,0.0,0.0
134721000000,,0.0,0.0,0.0,,0.0,0.0,0.0
134821000000,,0.0,0.0,0.0,,0.0,0.0,0.0
134921000000,,0.0,0.0,0.0,,0.0,0.0,0.0
135021000000,,0.0,0.0,0.0,,0.0,0.0,0.0
135121000000,,0.0,0.0,0.0,,0.0,0.0,0.0
135221000000,,0.0,0.0,0.0,,0.0,0.0,0.0
135321000000,,0.0,0.0,0.0,,0.0,0.0,0.0
135421000000,,0.0,0.0,0.0,,0.0,0.0,0.0
135521000000,,0.0,0.0,0.0,,0.0,0.0,0.0
135621000000,,0.0,0.0,0.0,,0.0,0.0,0.0
135721000000,,0.0,0.0,0.0,,0.0,0.0,0.0
135819000000,,0.0,0.0,0.0,,0.0,0.0,0.0
135919000000,,0.0,0.0,0.0,,0.0,0.0,0.0
136018000000,,0.0,0.0,0.0,,0.0,0.0,0.0
136119000000,,0.0,0.0,0.0,,0.0,0.0,0.0
136219000000,,0.0,0.0,0.0,,0.0,0.0,0.0
136319000000,,0.0,0.0,0.0,,0.0,0.0,0.0
136419000000,,0.0,0.0,0.0,,0.0,0.0,0.0
136519000000,,0.0,0.0,0.0,,0.0,0.0,0.0
136617000000,,0.0,0.0,0.0,,0.0,0.0,0.0
136718000000,,0.0,0.0,0.0,,0.0,0.0,0.0
136816000000,,0.0,0.0,0.0,,0.0,0.0,0.0
136916000000,,0.0,0.0,0.0,,0.0,0.0,0.0
137016000000,,0.0,0.0,0.0,,0.0,0.0,0.0
137115000000,,0.0,0.0,0.0,,0.0,0.0,0.0
137215000000,,0.0,0.0,0.0,,0.0,0.0,0.0
137315000000,,0.0,0.0,0.0,,0.0,0.0,0.0
137415000000,,0.0,0.0,0.0,,0.0,0.0,0.0
137516000000,,0.0,0.0,0.0,,0.0,0.0,0.0
137616000000,,0.0,0.0,0.0,,0.0,0.0,0.0
137716000000,,0.0,0.0,0.0,,0.0,0.0,0.0
137816000000,,0.0,0.0,0.0,,0.0,0.0,0.0
137915000000,,0.0,0.0,0.0,,0.0,0.0,0.0
138015000000,,0.0,0.0,0.0,,0.0,0.0,0.0
138115000000,,0.0,0.0,0.0,,0.0,0.0,0.0
138215000000,,0.0,0.0,0.0,,0.0,0.0,0.0
138315000000,,0.0,0.0,0.0,,0.0,0.0,0.0
138415000000,,0.0,0.0,0.0,,0.0,0.0,0.0
138516000000,,0.0,0.0,0.0,,0.0,0.0,0.0
138615000000,,0.0,0.0,0.0,,0.0,0.0,0.0
138716000000,,0.0,0.0,0.0,,0.0,0.0,0.0
138816000000,,0.0,0.0,0.0,,0.0,0.0,0.0
138916000000,,0.0,0.0,0.0,,0.0,0.0,0.0
139015000000,,0.0,0.0,0.0,,0.0,0.0,0.0
139115000000,,0.0,0.0,0.0,,0.0,0.0,0.0
139216000000,,0.0,0.0,0.0,,0.0,0.0,0.0
139316000000,,0.0,0.0,0.0,,0.0,0.0,0.0
139416000000,,0.0,0.0,0.0,,0.0,0.0,0.0
139516000000,,0.0,0.0,0.0,,0.0,0.0,0.0
139617000000,,0.0,0.0,0.0,,0.0,0.0,0.0
139717000000,,0.0,0.0,0.0,,0.0,0.0,0.0
139817000000,,0.0,0.0,0.0,,0.0,0.0,0.0
139917000000,,0.0,0.0,0.0,,0.0,0.0,0.0
140017000000,,0.0,0.0,0.0,,0.0,0.0,0.0
140117000000,,0.0,0.0,0.0,,0.0,0.0,0.0
140217000000,,0.0,0.0,0.0,,0.0,0.0,0.0
140317000000,,0.0,0.0,0.0,,0.0,0.0,0.0
140417000000,,0.0,0.0,0.0,,0.0,0.0,0.0
140517000000,,0.0,0.0,0.0,,0.0,0.0,0.0
140617000000,,0.0,0.0,0.0,,0.0,0.0,0.0
140717000000,,0.0,0.0,0.0,,0.0,0.0,0.0
140818000000,,0.0,0.0,0.0,,0.0,0.0,0.0
140918000000,,0.0,0.0,0.0,,0.0,0.0,0.0
141018000000,,0.0,0.0,0.0,,0.0,0.0,0.0
141118000000,,0.0,0.0,0.0,,0.0,0.0,0.0
141174000000,,0.0,0.0,0.0,,0.0,0.0,0.025
141274000000,,0.0,0.0,0.0,,0.0,0.0,0.05
141374000000,,0.0,0.0,0.0,,0.0,0.0,0.075
141474000000,,0.0,0.0,0.0,,0.0,0.0,0.1
141574000000,,0.0,0.0,0.0,,0.0,0.0,0.1
141671000000,,0.0,0.0,0.0,,0.0,0.0,0.1
141771000000,,0.0,0.0,0.0,,0.0,0.0,0.1
141871000000,,0.0,0.0,0.0,,0.0,0.0,0.1
141971000000,,0.0,0.0,0.0,,0.0,0.0,0.1
142071000000,,0.0,0.0,0.0,,0.0,0.0,0.1
142172000000,,0.0,0.0,0.0,,0.0,0.0,0.1
142272000000,,0.0,0.0,0.0,,0.0,0.0,0.1
142372000000,,0.0,0.0,0.0,,0.0,0.0,0.1
142472000000,,0.0,0.0,0.0,,0.0,0.0,0.1
142566000000,,0.0,0.0,0.0,,0.0,0.0,0.1
142667000000,,0.0,0.0,0.0,,0.0,0.0,0.1
142767000000,,0.0,0.0,0.0,,0.0,0.0,0.1
142864000000,,0.0,0.0,0.0,,0.0,0.0,0.1
142964000000,,0.0,0.0,0.0,,0.0,0.0,0.1
143064000000,,0.0,0.0,0.0,,0.0,0.0,0.1
143165000000,,0.0,0.0,0.0,,0.0,0.0,0.1
143265000000,,0.0,0.0,0.0,,0.0,0.0,0.1
143365000000,,0.0,0.0,0.0,,0.0,0.0,0.1
143459000000,,0.0,0.0,0.0,,0.0,0.0,0.1
143561000000,,0.0,0.0,0.0,,0.0,0.0,0.1
143661000000,,0.0,0.0,0.0,,0.0,0.0,0.1
143762000000,,0.0,0.0,0.0,,0.0,0.0,0.1
143862000000,,0.0,0.0,0.0,,0.0,0.0,0.1
143960000000,,0.0,0.0,0.0,,0.0,0.0,0.1
144060000000,,0.0,0.0,0.0,,0.0,0.0,0.1
144160000000,,0.0,0.0,0.0,,0.0,0.0,0.1
144261000000,,0.0,0.0,0.0,,0.0,0.0,0.1
144359000000,,0.0,0.0,0.0,,0.0,0.0,0.1
144459000000,,0.0,0.0,0.0,,0.0,0.0,0.1
144559000000,,0.0,0.0,0.0,,0.0,0.0,0.1
144659000000,,0.0,0.0,0.0,,0.0,0.0,0.1
144760000000,,0.0,0.0,0.0,,0.0,0.0,0.1
144860000000,,0.0,0.0,0.0,,0.0,0.0,0.1
144960000000,,0.0,0.0,0.0,,0.0,0.0,0.1
145060000000,,0.0,0.0,0.0,,0.0,0.0,0.1
145080000000,,0.0025,0.0,0.0,,0.0,0.0,0.1
145180000000,,0.005,0.0,0.0,,0.0,0.0,0.1
145280000000,,0.0075,0.0,0.0,,0.0,0.0,0.1
145380000000,,0.01,0.0,0.0,,0.0,0.0,0.1
145475000000,,0.01,0.0,0.0,,0.0,0.0,0.1
145577000000,,0.01,0.0,0.0,,0.0,0.0,0.1
145677000000,,0.01,0.0,0.0,,0.0,0.0,0.1
145777000000,,0.01,0.0,0.0,,0.0,0.0,0.1
145878000000,,0.01,0.0,0.0,,0.0,0.0,0.1
145977000000,,0.01,0.0,0.0,,0.0,0.0,0.1
146077000000,,0.01,0.0,0.0,,0.0,0.0,0.1
146177000000,,0.01,0.0,0.0,,0.0,0.0,0.1
146277000000,,0.01,0.0,0.0,,0.0,0.0,0.1
146377000000,,0.01,0.0,0.0,,0.0,0.0,0.1
146477000000,,0.01,0.0,0.0,,0.0,0.0,0.1
146577000000,,0.01,0.0,0.0,,0.0,0.0,0.1
146677000000,,0.01,0.0,0.0,,0.0,0.0,0.1
146777000000,,0.01,0.0,0.0,,0.0,0.0,0.1
146873000000,,0.01,0.0,0.0,,0.0,0.0,0.1
146972000000,,0.01,0.0,0.0,,0.0,0.0,0.1
147072000000,,0.01,0.0,0.0,,0.0,0.0,0.1
147173000000,,0.01,0.0,0.0,,0.0,0.0,0.1
147273000000,,0.01,0.0,0.0,,0.0,0.0,0.1
147373000000,,0.01,0.0,0.0,,0.0,0.0,0.1
147473000000,,0.01,0.0,0.0,,0.0,0.0,0.1
147573000000,,0.01,0.0,0.0,,0.0,0.0,0.1
147673000000,,0.01,0.0,0.0,,0.0,0.0,0.1
147774000000,,0.01,0.0,0.0,,0.0,0.0,0.1
147873000000,,0.01,0.0,0.0,,0.0,0.0,0.1
147973000000,,0.01,0.0,0.0,,0.0,0.0,0.1
148073000000,,0.01,0.0,0.0,,0.0,0.0,0.1
148174000000,,0.01,0.0,0.0,,0.0,0.0,0.1
148274000000,,0.01,0.0,0.0,,0.0,0.0,0.1
148374000000,,0.01,0.0,0.0,,0.0,0.0,0.1
148474000000,,0.01,0.0,0.0,,0.0,0.0,0.1
148574000000,,0.01,0.0,0.0,,0.0,0.0,0.1
148674000000,,0.01,0.0,0.0,,0.0,0.0,0.1
148774000000,,0.01,0.0,0.0,,0.0,0.0,0.1
148872000000,,0.01,0.0,0.0,,0.0,0.0,0.1
148972000000,,0.01,0.0,0.0,,0.0,0.0,0.1
149069000000,,0.01,0.0,0.0,,0.0,0.0,0.1
149109000000,,0.0125,0.0,0.0,,0.0,0.0,0.1
149209000000,,0.015,0.0,0.0,,0.0,0.0,0.1
149263000000,,0.0175,0.0,0.0,,0.0,0.0,0.1
149364000000,,0.02,0.0,0.0,,0.0,0.0,0.1
149408000000,,0.0225,0.0,0.0,,0.0,0.0,0.1
149508000000,,0.025,0.0,0.0,,0.0,0.0,0.1
149538000000,,0.0275,0.0,0.0,,0.0,0.0,0.1
149638000000,,0.03,0.0,0.0,,0.0,0.0,0.1
149673000000,,0.0325,0.0,0.0,,0.0,0.0,0.1
149773000000,,0.035,0.0,0.0,,0.0,0.0,0.1
149818000000,,0.0375,0.0,0.0,,0.0,0.0,0.1
149917000000,,0.04,0.0,0.0,,0.0,0.0,0.1
149984000000,,0.0425,0.0,0.0,,0.0,0.0,0.1
150084000000,,0.045,0.0,0.0,,0.0,0.0,0.1
150184000000,,0.0475,0.0,0.0,,0.0,0.0,0.1
150284000000,,0.05,0.0,0.0,,0.0,0.0,0.1
150384000000,,0.0525,0.0,0.0,,0.0,0.0,0.1
150484000000,,0.055,0.0,0.0,,0.0,0.0,0.1
150584000000,,0.0575,0.0,0.0,,0.0,0.0,0.1
150684000000,,0.06,0.0,0.0,,0.0,0.0,0.1
150784000000,,0.0625,0.0,0.0,,0.0,0.0,0.1
150884000000,,0.065,0.0,0.0,,0.0,0.0,0.1
150984000000,,0.0675,0.0,0.0,,0.0,0.0,0.1
151084000000,,0.07,0.0,0.0,,0.0,0.0,0.1
151187000000,,0.0725,0.0,0.0,,0.0,0.0,0.1
151284000000,,0.075,0.0,0.0,,0.0,0.0,0.1
151385000000,,0.0775,0.0,0.0,,0.0,0.0,0.1
151485000000,,0.08,0.0,0.0,,0.0,0.0,0.1
151586000000,,0.08,0.0,0.0,,0.0,0.0,0.1
151685000000,,0.08,0.0,0.0,,0.0,0.0,0.1
151786000000,,0.08,0.0,0.0,,0.0,0.0,0.1
151886000000,,0.08,0.0,0.0,,0.0,0.0,0.1
151986000000,,0.08,0.0,0.0,,0.0,0.0,0.1
152085000000,,0.08,0.0,0.0,,0.0,0.0,0.1
152185000000,,0.08,0.0,0.0,,0.0,0.0,0.1
152285000000,,0.08,0.0,0.0,,0.0,0.0,0.1
152385000000,,0.08,0.0,0.0,,0.0,0.0,0.1
152485000000,,0.08,0.0,0.0,,0.0,0.0,0.1
152585000000,,0.08,0.0,0.0,,0.0,0.0,0.1
152685000000,,0.08,0.0,0.0,,0.0,0.0,0.1
152785000000,,0.08,0.0,0.0,,0.0,0.0,0.1
152885000000,,0.08,0.0,0.0,,0.0,0.0,0.1
152986000000,,0.08,0.0,0.0,,0.0,0.0,0.1
153071000000,,0.08,0.0,0.0,,0.0,0.0,0.125
153172000000,,0.08,0.0,0.0,,0.0,0.0,0.15
153269000000,,0.08,0.0,0.0,,0.0,0.0,0.175
153372000000,,0.08,0.0,0.0,,0.0,0.0,0.2
153468000000,,0.08,0.0,0.0,,0.0,0.0,0.2
153568000000,,0.08,0.0,0.0,,0.0,0.0,0.2
153668000000,,0.08,0.0,0.0,,0.0,0.0,0.2
153769000000,,0.08,0.0,0.0,,0.0,0.0,0.2
153869000000,,0.08,0.0,0.0,,0.0,0.0,0.2
153969000000,,0.08,0.0,0.0,,0.0,0.0,0.2
154069000000,,0.08,0.0,0.0,,0.0,0.0,0.2
154169000000,,0.08,0.0,0.0,,0.0,0.0,0.2
154269000000,,0.08,0.0,0.0,,0.0,0.0,0.2
154370000000,,0.08,0.0,0.0,,0.0,0.0,0.2
154470000000,,0.08,0.0,0.0,,0.0,0.0,0.2
154570000000,,0.08,0.0,0.0,,0.0,0.0,0.2
154670000000,,0.08,0.0,0.0,,0.0,0.0,0.2
154770000000,,0.08,0.0,0.0,,0.0,0.0,0.2
154867000000,,0.08,0.0,0.0,,0.0,0.0,0.2
154967000000,,0.08,0.0,0.0,,0.0,0.0,0.2
155020000000,,0.08,0.0,0.0,,0.0,0.0,0.225
155120000000,,0.08,0.0,0.0,,0.0,0.0,0.25
155220000000,,0.08,0.0,0.0,,0.0,0.0,0.275
155317000000,,0.08,0.0,0.0,,0.0,0.0,0.3
155417000000,,0.08,0.0,0.0,,0.0,0.0,0.3
155517000000,,0.08,0.0,0.0,,0.0,0.0,0.3
155616000000,,0.08,0.0,0.0,,0.0,0.0,0.3
155714000000,,0.08,0.0,0.0,,0.0,0.0,0.3
155815000000,,0.08,0.0,0.0,,0.0,0.0,0.3
155911000000,,0.08,0.0,0.0,,0.0,0.0,0.3
156011000000,,0.08,0.0,0.0,,0.0,0.0,0.3
156112000000,,0.08,0.0,0.0,,0.0,0.0,0.3
156212000000,,0.08,0.0,0.0,,0.0,0.0,0.3
156312000000,,0.08,0.0,0.0,,0.0,0.0,0.3
156346000000,,0.08,0.0,0.0,,0.0,0.0,0.2
156444000000,,0.08,0.0,0.0,,0.0,0.0,0.2
156544000000,,0.08,0.0,0.0,,0.0,0.0,0.2
156623000000,,0.08,0.0,0.0,,0.0,0.0,0.1
156723000000,,0.08,0.0,0.0,,0.0,0.0,0.1
156823000000,,0.08,0.0,0.0,,0.0,0.0,0.1
156923000000,,0.08,0.0,0.0,,0.0,0.0,0.1
157023000000,,0.08,0.0,0.0,,0.0,0.0,0.1
157124000000,,0.08,0.0,0.0,,0.0,0.0,0.1
157223000000,,0.08,0.0,0.0,,0.0,0.0,0.1
157323000000,,0.08,0.0,0.0,,0.0,0.0,0.1
157420000000,,0.08,0.0,0.0,,0.0,0.0,0.1
157520000000,,0.08,0.0,0.0,,0.0,0.0,0.1
157522000000,,0.08,0.0,0.0,,0.0,0.0,2.77555756156e-17
157623000000,,0.08,0.0,0.0,,0.0,0.0,2.77555756156e-17
157722000000,,0.08,0.0,0.0,,0.0,0.0,2.77555756156e-17
157822000000,,0.08,0.0,0.0,,0.0,0.0,2.77555756156e-17
157922000000,,0.08,0.0,0.0,,0.0,0.0,2.77555756156e-17
158022000000,,0.08,0.0,0.0,,0.0,0.0,2.77555756156e-17
158122000000,,0.08,0.0,0.0,,0.0,0.0,2.77555756156e-17
158222000000,,0.08,0.0,0.0,,0.0,0.0,2.77555756156e-17
158322000000,,0.08,0.0,0.0,,0.0,0.0,2.77555756156e-17
158422000000,,0.08,0.0,0.0,,0.0,0.0,2.77555756156e-17
158522000000,,0.08,0.0,0.0,,0.0,0.0,2.77555756156e-17
158622000000,,0.08,0.0,0.0,,0.0,0.0,2.77555756156e-17
158723000000,,0.08,0.0,0.0,,0.0,0.0,2.77555756156e-17
158822000000,,0.08,0.0,0.0,,0.0,0.0,2.77555756156e-17
158923000000,,0.08,0.0,0.0,,0.0,0.0,2.77555756156e-17
159023000000,,0.08,0.0,0.0,,0.0,0.0,2.77555756156e-17
159121000000,,0.08,0.0,0.0,,0.0,0.0,2.77555756156e-17
159178000000,,0.08,0.0,0.0,,0.0,0.0,-0.1
159278000000,,0.08,0.0,0.0,,0.0,0.0,-0.1
159379000000,,0.08,0.0,0.0,,0.0,0.0,-0.1
159398000000,,0.08,0.0,0.0,,0.0,0.0,-0.2
159498000000,,0.08,0.0,0.0,,0.0,0.0,-0.2
159598000000,,0.08,0.0,0.0,,0.0,0.0,-0.2
159698000000,,0.08,0.0,0.0,,0.0,0.0,-0.2
159798000000,,0.08,0.0,0.0,,0.0,0.0,-0.2
159898000000,,0.08,0.0,0.0,,0.0,0.0,-0.2
159998000000,,0.08,0.0,0.0,,0.0,0.0,-0.2
160098000000,,0.08,0.0,0.0,,0.0,0.0,-0.2
160198000000,,0.08,0.0,0.0,,0.0,0.0,-0.2
160298000000,,0.08,0.0,0.0,,0.0,0.0,-0.2
160398000000,,0.08,0.0,0.0,,0.0,0.0,-0.2
160499000000,,0.08,0.0,0.0,,0.0,0.0,-0.2
160599000000,,0.08,0.0,0.0,,0.0,0.0,-0.2
160699000000,,0.08,0.0,0.0,,0.0,0.0,-0.2
160799000000,,0.08,0.0,0.0,,0.0,0.0,-0.2
160899000000,,0.08,0.0,0.0,,0.0,0.0,-0.2
160999000000,,0.08,0.0,0.0,,0.0,0.0,-0.2
161099000000,,0.08,0.0,0.0,,0.0,0.0,-0.2
161199000000,,0.08,0.0,0.0,,0.0,0.0,-0.2
161263000000,,0.08,0.0,0.0,,0.0,0.0,-0.175
161363000000,,0.08,0.0,0.0,,0.0,0.0,-0.15
161457000000,,0.08,0.0,0.0,,0.0,0.0,-0.125
161556000000,,0.08,0.0,0.0,,0.0,0.0,-0.1
161656000000,,0.08,0.0,0.0,,0.0,0.0,-0.075
161756000000,,0.08,0.0,0.0,,0.0,0.0,-0.05
161854000000,,0.08,0.0,0.0,,0.0,0.0,-0.025
161954000000,,0.08,0.0,0.0,,0.0,0.0,-6.93889390391e-18
162054000000,,0.08,0.0,0.0,,0.0,0.0,2.77555756156e-17
162154000000,,0.08,0.0,0.0,,0.0,0.0,2.77555756156e-17
162254000000,,0.08,0.0,0.0,,0.0,0.0,2.77555756156e-17
162354000000,,0.08,0.0,0.0,,0.0,0.0,2.77555756156e-17
162455000000,,0.08,0.0,0.0,,0.0,0.0,2.77555756156e-17
162555000000,,0.08,0.0,0.0,,0.0,0.0,2.77555756156e-17
162655000000,,0.08,0.0,0.0,,0.0,0.0,2.77555756156e-17
162755000000,,0.08,0.0,0.0,,0.0,0.0,2.77555756156e-17
162855000000,,0.08,0.0,0.0,,0.0,0.0,2.77555756156e-17
162955000000,,0.08,0.0,0.0,,0.0,0.0,2.77555756156e-17
163055000000,,0.08,0.0,0.0,,0.0,0.0,2.77555756156e-17
163155000000,,0.08,0.0,0.0,,0.0,0.0,2.77555756156e-17
163255000000,,0.08,0.0,0.0,,0.0,0.0,2.77555756156e-17
163353000000,,0.08,0.0,0.0,,0.0,0.0,2.77555756156e-17
163455000000,,0.08,0.0,0.0,,0.0,0.0,2.77555756156e-17
163555000000,,0.08,0.0,0.0,,0.0,0.0,2.77555756156e-17
163558000000,,0.08,0.0,0.0,,0.0,0.0,0.025
163657000000,,0.08,0.0,0.0,,0.0,0.0,0.05
163757000000,,0.08,0.0,0.0,,0.0,0.0,0.075
163761000000,,0.08,0.0,0.0,,0.0,0.0,0.1
163857000000,,0.08,0.0,0.0,,0.0,0.0,0.125
163957000000,,0.08,0.0,0.0,,0.0,0.0,0.15
164057000000,,0.08,0.0,0.0,,0.0,0.0,0.175
164158000000,,0.08,0.0,0.0,,0.0,0.0,0.2
164258000000,,0.08,0.0,0.0,,0.0,0.0,0.2
164358000000,,0.08,0.0,0.0,,0.0,0.0,0.2
164455000000,,0.08,0.0,0.0,,0.0,0.0,0.2
164555000000,,0.08,0.0,0.0,,0.0,0.0,0.2
164656000000,,0.08,0.0,0.0,,0.0,0.0,0.2
164756000000,,0.08,0.0,0.0,,0.0,0.0,0.2
164853000000,,0.08,0.0,0.0,,0.0,0.0,0.2
164951000000,,0.08,0.0,0.0,,0.0,0.0,0.2
165052000000,,0.08,0.0,0.0,,0.0,0.0,0.2
165153000000,,0.08,0.0,0.0,,0.0,0.0,0.2
165253000000,,0.08,0.0,0.0,,0.0,0.0,0.2
165350000000,,0.08,0.0,0.0,,0.0,0.0,0.2
165450000000,,0.08,0.0,0.0,,0.0,0.0,0.2
165538000000,,0.08,0.0,0.0,,0.0,0.0,0.225
165638000000,,0.08,0.0,0.0,,0.0,0.0,0.25
165727000000,,0.08,0.0,0.0,,0.0,0.0,0.275
165825000000,,0.08,0.0,0.0,,0.0,0.0,0.3
165925000000,,0.08,0.0,0.0,,0.0,0.0,0.325
166023000000,,0.08,0.0,0.0,,0.0,0.0,0.35
166125000000,,0.08,0.0,0.0,,0.0,0.0,0.375
166225000000,,0.08,0.0,0.0,,0.0,0.0,0.4
166323000000,,0.08,0.0,0.0,,0.0,0.0,0.4
166423000000,,0.08,0.0,0.0,,0.0,0.0,0.4
166523000000,,0.08,0.0,0.0,,0.0,0.0,0.4
166623000000,,0.08,0.0,0.0,,0.0,0.0,0.4
166723000000,,0.08,0.0,0.0,,0.0,0.0,0.4
166823000000,,0.08,0.0,0.0,,0.0,0.0,0.4
166923000000,,0.08,0.0,0.0,,0.0,0.0,0.4
167022000000,,0.08,0.0,0.0,,0.0,0.0,0.4
167123000000,,0.08,0.0,0.0,,0.0,0.0,0.4
167173000000,,0.08,0.0,0.0,,0.0,0.0,0.3
167273000000,,0.08,0.0,0.0,,0.0,0.0,0.3
167373000000,,0.08,0.0,0.0,,0.0,0.0,0.3
167474000000,,0.08,0.0,0.0,,0.0,0.0,0.3
167574000000,,0.08,0.0,0.0,,0.0,0.0,0.3
167592000000,,0.08,0.0,0.0,,0.0,0.0,0.2
167690000000,,0.08,0.0,0.0,,0.0,0.0,0.2
167737000000,,0.08,0.0,0.0,,0.0,0.0,0.1
167837000000,,0.08,0.0,0.0,,0.0,0.0,0.1
167937000000,,0.08,0.0,0.0,,0.0,0.0,0.1
168037000000,,0.08,0.0,0.0,,0.0,0.0,0.1
168137000000,,0.08,0.0,0.0,,0.0,0.0,0.1
168237000000,,0.08,0.0,0.0,,0.0,0.0,0.1
168337000000,,0.08,0.0,0.0,,0.0,0.0,0.1
168437000000,,0.08,0.0,0.0,,0.0,0.0,0.1
168537000000,,0.08,0.0,0.0,,0.0,0.0,0.1
168637000000,,0.08,0.0,0.0,,0.0,0.0,0.1
168738000000,,0.08,0.0,0.0,,0.0,0.0,0.1
168836000000,,0.08,0.0,0.0,,0.0,0.0,0.1
168935000000,,0.08,0.0,0.0,,0.0,0.0,0.1
169036000000,,0.08,0.0,0.0,,0.0,0.0,0.1
169136000000,,0.08,0.0,0.0,,0.0,0.0,0.1
169236000000,,0.08,0.0,0.0,,0.0,0.0,0.1
169336000000,,0.08,0.0,0.0,,0.0,0.0,0.1
169436000000,,0.08,0.0,0.0,,0.0,0.0,0.1
169533000000,,0.08,0.0,0.0,,0.0,0.0,0.1
169633000000,,0.08,0.0,0.0,,0.0,0.0,0.1
169730000000,,0.08,0.0,0.0,,0.0,0.0,0.1
169830000000,,0.08,0.0,0.0,,0.0,0.0,0.1
169930000000,,0.08,0.0,0.0,,0.0,0.0,0.1
170031000000,,0.08,0.0,0.0,,0.0,0.0,0.1
170131000000,,0.08,0.0,0.0,,0.0,0.0,0.1
170228000000,,0.08,0.0,0.0,,0.0,0.0,0.1
170325000000,,0.08,0.0,0.0,,0.0,0.0,0.1
170428000000,,0.08,0.0,0.0,,0.0,0.0,0.1
170527000000,,0.08,0.0,0.0,,0.0,0.0,0.1
170628000000,,0.08,0.0,0.0,,0.0,0.0,0.1
170728000000,,0.08,0.0,0.0,,0.0,0.0,0.1
170828000000,,0.08,0.0,0.0,,0.0,0.0,0.1
170929000000,,0.08,0.0,0.0,,0.0,0.0,0.1
171029000000,,0.08,0.0,0.0,,0.0,0.0,0.1
171131000000,,0.08,0.0,0.0,,0.0,0.0,0.1
171229000000,,0.08,0.0,0.0,,0.0,0.0,0.1
171329000000,,0.08,0.0,0.0,,0.0,0.0,0.1
171429000000,,0.08,0.0,0.0,,0.0,0.0,0.1
171527000000,,0.08,0.0,0.0,,0.0,0.0,0.1
171627000000,,0.08,0.0,0.0,,0.0,0.0,0.1
171727000000,,0.08,0.0,0.0,,0.0,0.0,0.1
171826000000,,0.08,0.0,0.0,,0.0,0.0,0.1
171926000000,,0.08,0.0,0.0,,0.0,0.0,0.1
172028000000,,0.08,0.0,0.0,,0.0,0.0,0.1
172126000000,,0.08,0.0,0.0,,0.0,0.0,0.1
172226000000,,0.08,0.0,0.0,,0.0,0.0,0.1
172326000000,,0.08,0.0,0.0,,0.0,0.0,0.1
172426000000,,0.08,0.0,0.0,,0.0,0.0,0.1
172527000000,,0.08,0.0,0.0,,0.0,0.0,0.1
172625000000,,0.08,0.0,0.0,,0.0,0.0,0.1
172724000000,,0.08,0.0,0.0,,0.0,0.0,0.1
172824000000,,0.08,0.0,0.0,,0.0,0.0,0.1
172925000000,,0.08,0.0,0.0,,0.0,0.0,0.1
173025000000,,0.08,0.0,0.0,,0.0,0.0,0.1
173125000000,,0.08,0.0,0.0,,0.0,0.0,0.1
173225000000,,0.08,0.0,0.0,,0.0,0.0,0.1
173322000000,,0.08,0.0,0.0,,0.0,0.0,0.1
173424000000,,0.08,0.0,0.0,,0.0,0.0,0.1
173524000000,,0.08,0.0,0.0,,0.0,0.0,0.1
173624000000,,0.08,0.0,0.0,,0.0,0.0,0.1
173724000000,,0.08,0.0,0.0,,0.0,0.0,0.1
173824000000,,0.08,0.0,0.0,,0.0,0.0,0.1
173919000000,,0.08,0.0,0.0,,0.0,0.0,0.1
174020000000,,0.08,0.0,0.0,,0.0,0.0,0.1
174120000000,,0.08,0.0,0.0,,0.0,0.0,0.1
174221000000,,0.08,0.0,0.0,,0.0,0.0,0.1
174321000000,,0.08,0.0,0.0,,0.0,0.0,0.1
174421000000,,0.08,0.0,0.0,,0.0,0.0,0.1
174520000000,,0.08,0.0,0.0,,0.0,0.0,0.1
174620000000,,0.08,0.0,0.0,,0.0,0.0,0.1
174720000000,,0.08,0.0,0.0,,0.0,0.0,0.1
174821000000,,0.08,0.0,0.0,,0.0,0.0,0.1
174921000000,,0.08,0.0,0.0,,0.0,0.0,0.1
175021000000,,0.08,0.0,0.0,,0.0,0.0,0.1
175121000000,,0.08,0.0,0.0,,0.0,0.0,0.1
175221000000,,0.08,0.0,0.0,,0.0,0.0,0.1
175318000000,,0.08,0.0,0.0,,0.0,0.0,0.1
175418000000,,0.08,0.0,0.0,,0.0,0.0,0.1
175518000000,,0.08,0.0,0.0,,0.0,0.0,0.1
175618000000,,0.08,0.0,0.0,,0.0,0.0,0.1
175718000000,,0.08,0.0,0.0,,0.0,0.0,0.1
175819000000,,0.08,0.0,0.0,,0.0,0.0,0.1
175919000000,,0.08,0.0,0.0,,0.0,0.0,0.1
176019000000,,0.08,0.0,0.0,,0.0,0.0,0.1
176119000000,,0.08,0.0,0.0,,0.0,0.0,0.1
176219000000,,0.08,0.0,0.0,,0.0,0.0,0.1
176319000000,,0.08,0.0,0.0,,0.0,0.0,0.1
176420000000,,0.08,0.0,0.0,,0.0,0.0,0.1
176520000000,,0.08,0.0,0.0,,0.0,0.0,0.1
176620000000,,0.08,0.0,0.0,,0.0,0.0,0.1
176720000000,,0.08,0.0,0.0,,0.0,0.0,0.1
176820000000,,0.08,0.0,0.0,,0.0,0.0,0.1
176919000000,,0.08,0.0,0.0,,0.0,0.0,0.1
177020000000,,0.08,0.0,0.0,,0.0,0.0,0.1
177119000000,,0.08,0.0,0.0,,0.0,0.0,0.1
177219000000,,0.08,0.0,0.0,,0.0,0.0,0.1
177320000000,,0.08,0.0,0.0,,0.0,0.0,0.1
177420000000,,0.08,0.0,0.0,,0.0,0.0,0.1
177520000000,,0.08,0.0,0.0,,0.0,0.0,0.1
177620000000,,0.08,0.0,0.0,,0.0,0.0,0.1
177718000000,,0.08,0.0,0.0,,0.0,0.0,0.1
177818000000,,0.08,0.0,0.0,,0.0,0.0,0.1
177918000000,,0.08,0.0,0.0,,0.0,0.0,0.1
178018000000,,0.08,0.0,0.0,,0.0,0.0,0.1
178118000000,,0.08,0.0,0.0,,0.0,0.0,0.1
178218000000,,0.08,0.0,0.0,,0.0,0.0,0.1
178318000000,,0.08,0.0,0.0,,0.0,0.0,0.1
178418000000,,0.08,0.0,0.0,,0.0,0.0,0.1
178518000000,,0.08,0.0,0.0,,0.0,0.0,0.1
178618000000,,0.08,0.0,0.0,,0.0,0.0,0.1
178718000000,,0.08,0.0,0.0,,0.0,0.0,0.1
178813000000,,0.08,0.0,0.0,,0.0,0.0,0.1
178914000000,,0.08,0.0,0.0,,0.0,0.0,0.1
179014000000,,0.08,0.0,0.0,,0.0,0.0,0.1
179109000000,,0.08,0.0,0.0,,0.0,0.0,0.1
179209000000,,0.08,0.0,0.0,,0.0,0.0,0.1
179310000000,,0.08,0.0,0.0,,0.0,0.0,0.1
179408000000,,0.08,0.0,0.0,,0.0,0.0,0.1
179510000000,,0.08,0.0,0.0,,0.0,0.0,0.1
179610000000,,0.08,0.0,0.0,,0.0,0.0,0.1
179710000000,,0.08,0.0,0.0,,0.0,0.0,0.1
179811000000,,0.08,0.0,0.0,,0.0,0.0,0.1
179910000000,,0.08,0.0,0.0,,0.0,0.0,0.1
180011000000,,0.08,0.0,0.0,,0.0,0.0,0.1
180111000000,,0.08,0.0,0.0,,0.0,0.0,0.1
180211000000,,0.08,0.0,0.0,,0.0,0.0,0.1
180311000000,,0.08,0.0,0.0,,0.0,0.0,0.1
180411000000,,0.08,0.0,0.0,,0.0,0.0,0.1
180511000000,,0.08,0.0,0.0,,0.0,0.0,0.1
180611000000,,0.08,0.0,0.0,,0.0,0.0,0.1
180711000000,,0.08,0.0,0.0,,0.0,0.0,0.1
180811000000,,0.08,0.0,0.0,,0.0,0.0,0.1
180911000000,,0.08,0.0,0.0,,0.0,0.0,0.1
181009000000,,0.08,0.0,0.0,,0.0,0.0,0.1
181111000000,,0.08,0.0,0.0,,0.0,0.0,0.1
181212000000,,0.08,0.0,0.0,,0.0,0.0,0.1
181312000000,,0.08,0.0,0.0,,0.0,0.0,0.1
181412000000,,0.08,0.0,0.0,,0.0,0.0,0.1
181512000000,,0.08,0.0,0.0,,0.0,0.0,0.1
181612000000,,0.08,0.0,0.0,,0.0,0.0,0.1
181713000000,,0.08,0.0,0.0,,0.0,0.0,0.1
181813000000,,0.08,0.0,0.0,,0.0,0.0,0.1
181913000000,,0.08,0.0,0.0,,0.0,0.0,0.1
182013000000,,0.08,0.0,0.0,,0.0,0.0,0.1
182113000000,,0.08,0.0,0.0,,0.0,0.0,0.1
182213000000,,0.08,0.0,0.0,,0.0,0.0,0.1
182313000000,,0.08,0.0,0.0,,0.0,0.0,0.1
182413000000,,0.08,0.0,0.0,,0.0,0.0,0.1
182514000000,,0.08,0.0,0.0,,0.0,0.0,0.1
182614000000,,0.08,0.0,0.0,,0.0,0.0,0.1
182714000000,,0.08,0.0,0.0,,0.0,0.0,0.1
182814000000,,0.08,0.0,0.0,,0.0,0.0,0.1
182914000000,,0.08,0.0,0.0,,0.0,0.0,0.1
183014000000,,0.08,0.0,0.0,,0.0,0.0,0.1
183114000000,,0.08,0.0,0.0,,0.0,0.0,0.1
183213000000,,0.08,0.0,0.0,,0.0,0.0,0.1
183313000000,,0.08,0.0,0.0,,0.0,0.0,0.1
183413000000,,0.08,0.0,0.0,,0.0,0.0,0.1
183514000000,,0.08,0.0,0.0,,0.0,0.0,0.1
183614000000,,0.08,0.0,0.0,,0.0,0.0,0.1
183714000000,,0.08,0.0,0.0,,0.0,0.0,0.1
183814000000,,0.08,0.0,0.0,,0.0,0.0,0.1
183915000000,,0.08,0.0,0.0,,0.0,0.0,0.1
184014000000,,0.08,0.0,0.0,,0.0,0.0,0.1
184115000000,,0.08,0.0,0.0,,0.0,0.0,0.1
184215000000,,0.08,0.0,0.0,,0.0,0.0,0.1
184315000000,,0.08,0.0,0.0,,0.0,0.0,0.1
184416000000,,0.08,0.0,0.0,,0.0,0.0,0.1
184515000000,,0.08,0.0,0.0,,0.0,0.0,0.1
184614000000,,0.08,0.0,0.0,,0.0,0.0,0.1
184712000000,,0.08,0.0,0.0,,0.0,0.0,0.1
184813000000,,0.08,0.0,0.0,,0.0,0.0,0.1
184909000000,,0.08,0.0,0.0,,0.0,0.0,0.1
185010000000,,0.08,0.0,0.0,,0.0,0.0,0.1
185110000000,,0.08,0.0,0.0,,0.0,0.0,0.1
185210000000,,0.08,0.0,0.0,,0.0,0.0,0.1
185310000000,,0.08,0.0,0.0,,0.0,0.0,0.1
185410000000,,0.08,0.0,0.0,,0.0,0.0,0.1
185510000000,,0.08,0.0,0.0,,0.0,0.0,0.1
185610000000,,0.08,0.0,0.0,,0.0,0.0,0.1
185710000000,,0.08,0.0,0.0,,0.0,0.0,0.1
185810000000,,0.08,0.0,0.0,,0.0,0.0,0.1
185911000000,,0.08,0.0,0.0,,0.0,0.0,0.1
186011000000,,0.08,0.0,0.0,,0.0,0.0,0.1
186111000000,,0.08,0.0,0.0,,0.0,0.0,0.1
186211000000,,0.08,0.0,0.0,,0.0,0.0,0.1
186311000000,,0.08,0.0,0.0,,0.0,0.0,0.1
186412000000,,0.08,0.0,0.0,,0.0,0.0,0.1
186512000000,,0.08,0.0,0.0,,0.0,0.0,0.1
186612000000,,0.08,0.0,0.0,,0.0,0.0,0.1
186712000000,,0.08,0.0,0.0,,0.0,0.0,0.1
186816000000,,0.08,0.0,0.0,,0.0,0.0,0.1
186912000000,,0.08,0.0,0.0,,0.0,0.0,0.1
187012000000,,0.08,0.0,0.0,,0.0,0.0,0.1
187112000000,,0.08,0.0,0.0,,0.0,0.0,0.1
187212000000,,0.08,0.0,0.0,,0.0,0.0,0.1
187310000000,,0.08,0.0,0.0,,0.0,0.0,0.1
187410000000,,0.08,0.0,0.0,,0.0,0.0,0.1
187510000000,,0.08,0.0,0.0,,0.0,0.0,0.1
187610000000,,0.08,0.0,0.0,,0.0,0.0,0.1
187710000000,,0.08,0.0,0.0,,0.0,0.0,0.1
187810000000,,0.08,0.0,0.0,,0.0,0.0,0.1
187910000000,,0.08,0.0,0.0,,0.0,0.0,0.1
188010000000,,0.08,0.0,0.0,,0.0,0.0,0.1
188110000000,,0.08,0.0,0.0,,0.0,0.0,0.1
188207000000,,0.08,0.0,0.0,,0.0,0.0,0.1
188235000000,,0.0,0.0,0.0,,0.0,0.0,0.0
188336000000,,0.0,0.0,0.0,,0.0,0.0,0.0
188435000000,,0.0,0.0,0.0,,0.0,0.0,0.0
188536000000,,0.0,0.0,0.0,,0.0,0.0,0.0
188636000000,,0.0,0.0,0.0,,0.0,0.0,0.0
188736000000,,0.0,0.0,0.0,,0.0,0.0,0.0
188836000000,,0.0,0.0,0.0,,0.0,0.0,0.0
188935000000,,0.0,0.0,0.0,,0.0,0.0,0.0
189000000000,,0.0,0.0,0.0,,0.0,0.0,0.025
189100000000,,0.0,0.0,0.0,,0.0,0.0,0.05
189200000000,,0.0,0.0,0.0,,0.0,0.0,0.075
189299000000,,0.0,0.0,0.0,,0.0,0.0,0.1
189317000000,,0.0,0.0,0.0,,0.0,0.0,0.125
189414000000,,0.0,0.0,0.0,,0.0,0.0,0.15
189514000000,,0.0,0.0,0.0,,0.0,0.0,0.175
189531000000,,0.0,0.0,0.0,,0.0,0.0,0.2
189631000000,,0.0,0.0,0.0,,0.0,0.0,0.225
189730000000,,0.0,0.0,0.0,,0.0,0.0,0.25
189828000000,,0.0,0.0,0.0,,0.0,0.0,0.275
189928000000,,0.0,0.0,0.0,,0.0,0.0,0.3
190027000000,,0.0,0.0,0.0,,0.0,0.0,0.3
190127000000,,0.0,0.0,0.0,,0.0,0.0,0.3
190227000000,,0.0,0.0,0.0,,0.0,0.0,0.3
190327000000,,0.0,0.0,0.0,,0.0,0.0,0.3
190427000000,,0.0,0.0,0.0,,0.0,0.0,0.3
190527000000,,0.0,0.0,0.0,,0.0,0.0,0.3
190628000000,,0.0,0.0,0.0,,0.0,0.0,0.3
190726000000,,0.0,0.0,0.0,,0.0,0.0,0.3
190827000000,,0.0,0.0,0.0,,0.0,0.0,0.3
190927000000,,0.0,0.0,0.0,,0.0,0.0,0.3
191028000000,,0.0,0.0,0.0,,0.0,0.0,0.3
191128000000,,0.0,0.0,0.0,,0.0,0.0,0.3
191228000000,,0.0,0.0,0.0,,0.0,0.0,0.3
191328000000,,0.0,0.0,0.0,,0.0,0.0,0.3
191428000000,,0.0,0.0,0.0,,0.0,0.0,0.3
191529000000,,0.0,0.0,0.0,,0.0,0.0,0.3
191629000000,,0.0,0.0,0.0,,0.0,0.0,0.3
191729000000,,0.0,0.0,0.0,,0.0,0.0,0.3
191828000000,,0.0,0.0,0.0,,0.0,0.0,0.3
191928000000,,0.0,0.0,0.0,,0.0,0.0,0.3
192028000000,,0.0,0.0,0.0,,0.0,0.0,0.3
192128000000,,0.0,0.0,0.0,,0.0,0.0,0.3
192227000000,,0.0,0.0,0.0,,0.0,0.0,0.3
192328000000,,0.0,0.0,0.0,,0.0,0.0,0.3
192428000000,,0.0,0.0,0.0,,0.0,0.0,0.3
192529000000,,0.0,0.0,0.0,,0.0,0.0,0.3
192628000000,,0.0,0.0,0.0,,0.0,0.0,0.3
192729000000,,0.0,0.0,0.0,,0.0,0.0,0.3
192829000000,,0.0,0.0,0.0,,0.0,0.0,0.3
192929000000,,0.0,0.0,0.0,,0.0,0.0,0.3
193029000000,,0.0,0.0,0.0,,0.0,0.0,0.3
193129000000,,0.0,0.0,0.0,,0.0,0.0,0.3
193230000000,,0.0,0.0,0.0,,0.0,0.0,0.3
193329000000,,0.0,0.0,0.0,,0.0,0.0,0.3
193430000000,,0.0,0.0,0.0,,0.0,0.0,0.3
193530000000,,0.0,0.0,0.0,,0.0,0.0,0.3
193630000000,,0.0,0.0,0.0,,0.0,0.0,0.3
193730000000,,0.0,0.0,0.0,,0.0,0.0,0.3
193831000000,,0.0,0.0,0.0,,0.0,0.0,0.3
193931000000,,0.0,0.0,0.0,,0.0,0.0,0.3
194029000000,,0.0,0.0,0.0,,0.0,0.0,0.3
194129000000,,0.0,0.0,0.0,,0.0,0.0,0.3
194229000000,,0.0,0.0,0.0,,0.0,0.0,0.3
194329000000,,0.0,0.0,0.0,,0.0,0.0,0.3
194429000000,,0.0,0.0,0.0,,0.0,0.0,0.3
194529000000,,0.0,0.0,0.0,,0.0,0.0,0.3
194629000000,,0.0,0.0,0.0,,0.0,0.0,0.3
194726000000,,0.0,0.0,0.0,,0.0,0.0,0.3
194825000000,,0.0,0.0,0.0,,0.0,0.0,0.3
194925000000,,0.0,0.0,0.0,,0.0,0.0,0.3
195023000000,,0.0,0.0,0.0,,0.0,0.0,0.3
195119000000,,0.0,0.0,0.0,,0.0,0.0,0.3
195219000000,,0.0,0.0,0.0,,0.0,0.0,0.3
195320000000,,0.0,0.0,0.0,,0.0,0.0,0.3
195420000000,,0.0,0.0,0.0,,0.0,0.0,0.3
195519000000,,0.0,0.0,0.0,,0.0,0.0,0.3
195619000000,,0.0,0.0,0.0,,0.0,0.0,0.3
195720000000,,0.0,0.0,0.0,,0.0,0.0,0.3
195820000000,,0.0,0.0,0.0,,0.0,0.0,0.3
195920000000,,0.0,0.0,0.0,,0.0,0.0,0.3
196020000000,,0.0,0.0,0.0,,0.0,0.0,0.3
196120000000,,0.0,0.0,0.0,,0.0,0.0,0.3
196220000000,,0.0,0.0,0.0,,0.0,0.0,0.3
196320000000,,0.0,0.0,0.0,,0.0,0.0,0.3
196421000000,,0.0,0.0,0.0,,0.0,0.0,0.3
196521000000,,0.0,0.0,0.0,,0.0,0.0,0.3
196621000000,,0.0,0.0,0.0,,0.0,0.0,0.3
196721000000,,0.0,0.0,0.0,,0.0,0.0,0.3
196821000000,,0.0,0.0,0.0,,0.0,0.0,0.3
196920000000,,0.0,0.0,0.0,,0.0,0.0,0.3
197021000000,,0.0,0.0,0.0,,0.0,0.0,0.3
197119000000,,0.0,0.0,0.0,,0.0,0.0,0.3
197219000000,,0.0,0.0,0.0,,0.0,0.0,0.3
197319000000,,0.0,0.0,0.0,,0.0,0.0,0.3
197419000000,,0.0,0.0,0.0,,0.0,0.0,0.3
197519000000,,0.0,0.0,0.0,,0.0,0.0,0.3
197619000000,,0.0,0.0,0.0,,0.0,0.0,0.3
197719000000,,0.0,0.0,0.0,,0.0,0.0,0.3
197819000000,,0.0,0.0,0.0,,0.0,0.0,0.3
197919000000,,0.0,0.0,0.0,,0.0,0.0,0.3
198019000000,,0.0,0.0,0.0,,0.0,0.0,0.3
198119000000,,0.0,0.0,0.0,,0.0,0.0,0.3
198219000000,,0.0,0.0,0.0,,0.0,0.0,0.3
198319000000,,0.0,0.0,0.0,,0.0,0.0,0.3
198420000000,,0.0,0.0,0.0,,0.0,0.0,0.3
198520000000,,0.0,0.0,0.0,,0.0,0.0,0.3
198620000000,,0.0,0.0,0.0,,0.0,0.0,0.3
198719000000,,0.0,0.0,0.0,,0.0,0.0,0.3
198820000000,,0.0,0.0,0.0,,0.0,0.0,0.3
198917000000,,0.0,0.0,0.0,,0.0,0.0,0.3
199017000000,,0.0,0.0,0.0,,0.0,0.0,0.3
199117000000,,0.0,0.0,0.0,,0.0,0.0,0.3
199212000000,,0.0,0.0,0.0,,0.0,0.0,0.0
199310000000,,0.0,0.0,0.0,,0.0,0.0,0.0
199407000000,,0.0,0.0,0.0,,0.0,0.0,0.0
199507000000,,0.0,0.0,0.0,,0.0,0.0,0.0
199607000000,,0.0,0.0,0.0,,0.0,0.0,0.0
199707000000,,0.0,0.0,0.0,,0.0,0.0,0.0
199806000000,,0.0,0.0,0.0,,0.0,0.0,0.0
199905000000,,0.0,0.0,0.0,,0.0,0.0,0.0
200006000000,,0.0,0.0,0.0,,0.0,0.0,0.0
200106000000,,0.0,0.0,0.0,,0.0,0.0,0.0
200206000000,,0.0,0.0,0.0,,0.0,0.0,0.0
200305000000,,0.0,0.0,0.0,,0.0,0.0,0.0
200405000000,,0.0,0.0,0.0,,0.0,0.0,0.0
200506000000,,0.0,0.0,0.0,,0.0,0.0,0.0
200530000000,,0.0025,0.0,0.0,,0.0,0.0,0.0
200630000000,,0.005,0.0,0.0,,0.0,0.0,0.0
200730000000,,0.0075,0.0,0.0,,0.0,0.0,0.0
200830000000,,0.01,0.0,0.0,,0.0,0.0,0.0
200930000000,,0.01,0.0,0.0,,0.0,0.0,0.0
201030000000,,0.01,0.0,0.0,,0.0,0.0,0.0
201131000000,,0.01,0.0,0.0,,0.0,0.0,0.0
201231000000,,0.01,0.0,0.0,,0.0,0.0,0.0
201331000000,,0.01,0.0,0.0,,0.0,0.0,0.0
201431000000,,0.01,0.0,0.0,,0.0,0.0,0.0
201531000000,,0.01,0.0,0.0,,0.0,0.0,0.0
201629000000,,0.01,0.0,0.0,,0.0,0.0,0.0
201730000000,,0.01,0.0,0.0,,0.0,0.0,0.0
201830000000,,0.01,0.0,0.0,,0.0,0.0,0.0
201874000000,,0.0125,0.0,0.0,,0.0,0.0,0.0
201974000000,,0.015,0.0,0.0,,0.0,0.0,0.0
202048000000,,0.0175,0.0,0.0,,0.0,0.0,0.0
202148000000,,0.02,0.0,0.0,,0.0,0.0,0.0
202192000000,,0.0225,0.0,0.0,,0.0,0.0,0.0
202290000000,,0.025,0.0,0.0,,0.0,0.0,0.0
202316000000,,0.0275,0.0,0.0,,0.0,0.0,0.0
202417000000,,0.03,0.0,0.0,,0.0,0.0,0.0
202517000000,,0.0325,0.0,0.0,,0.0,0.0,0.0
202616000000,,0.035,0.0,0.0,,0.0,0.0,0.0
202719000000,,0.0375,0.0,0.0,,0.0,0.0,0.0
202817000000,,0.04,0.0,0.0,,0.0,0.0,0.0
202917000000,,0.0425,0.0,0.0,,0.0,0.0,0.0
203018000000,,0.045,0.0,0.0,,0.0,0.0,0.0
203118000000,,0.0475,0.0,0.0,,0.0,0.0,0.0
203216000000,,0.05,0.0,0.0,,0.0,0.0,0.0
203316000000,,0.05,0.0,0.0,,0.0,0.0,0.0
203415000000,,0.05,0.0,0.0,,0.0,0.0,0.0
203515000000,,0.05,0.0,0.0,,0.0,0.0,0.0
203614000000,,0.05,0.0,0.0,,0.0,0.0,0.0
203715000000,,0.05,0.0,0.0,,0.0,0.0,0.0
203814000000,,0.05,0.0,0.0,,0.0,0.0,0.0
203914000000,,0.05,0.0,0.0,,0.0,0.0,0.0
204014000000,,0.05,0.0,0.0,,0.0,0.0,0.0
204117000000,,0.05,0.0,0.0,,0.0,0.0,0.0
204214000000,,0.05,0.0,0.0,,0.0,0.0,0.0
204315000000,,0.05,0.0,0.0,,0.0,0.0,0.0
204415000000,,0.05,0.0,0.0,,0.0,0.0,0.0
204514000000,,0.05,0.0,0.0,,0.0,0.0,0.0
204615000000,,0.05,0.0,0.0,,0.0,0.0,0.0
204715000000,,0.05,0.0,0.0,,0.0,0.0,0.0
204815000000,,0.05,0.0,0.0,,0.0,0.0,0.0
204915000000,,0.05,0.0,0.0,,0.0,0.0,0.0
205016000000,,0.05,0.0,0.0,,0.0,0.0,0.0
205115000000,,0.05,0.0,0.0,,0.0,0.0,0.0
205216000000,,0.05,0.0,0.0,,0.0,0.0,0.0
205313000000,,0.05,0.0,0.0,,0.0,0.0,0.0
205413000000,,0.05,0.0,0.0,,0.0,0.0,0.0
205513000000,,0.05,0.0,0.0,,0.0,0.0,0.0
205613000000,,0.05,0.0,0.0,,0.0,0.0,0.0
205713000000,,0.05,0.0,0.0,,0.0,0.0,0.0
205813000000,,0.05,0.0,0.0,,0.0,0.0,0.0
205913000000,,0.05,0.0,0.0,,0.0,0.0,0.0
206013000000,,0.05,0.0,0.0,,0.0,0.0,0.0
206114000000,,0.05,0.0,0.0,,0.0,0.0,0.0
206214000000,,0.05,0.0,0.0,,0.0,0.0,0.0
206314000000,,0.05,0.0,0.0,,0.0,0.0,0.0
206413000000,,0.05,0.0,0.0,,0.0,0.0,0.0
206514000000,,0.05,0.0,0.0,,0.0,0.0,0.0
206614000000,,0.05,0.0,0.0,,0.0,0.0,0.0
206715000000,,0.05,0.0,0.0,,0.0,0.0,0.0
206815000000,,0.05,0.0,0.0,,0.0,0.0,0.0
206915000000,,0.05,0.0,0.0,,0.0,0.0,0.0
207016000000,,0.05,0.0,0.0,,0.0,0.0,0.0
207116000000,,0.05,0.0,0.0,,0.0,0.0,0.0
207216000000,,0.05,0.0,0.0,,0.0,0.0,0.0
207316000000,,0.05,0.0,0.0,,0.0,0.0,0.0
207416000000,,0.05,0.0,0.0,,0.0,0.0,0.0
207516000000,,0.05,0.0,0.0,,0.0,0.0,0.0
207616000000,,0.05,0.0,0.0,,0.0,0.0,0.0
207716000000,,0.05,0.0,0.0,,0.0,0.0,0.0
207817000000,,0.05,0.0,0.0,,0.0,0.0,0.0
207916000000,,0.05,0.0,0.0,,0.0,0.0,0.0
208016000000,,0.05,0.0,0.0,,0.0,0.0,0.0
208117000000,,0.05,0.0,0.0,,0.0,0.0,0.0
208216000000,,0.05,0.0,0.0,,0.0,0.0,0.0
208223000000,,0.0525,0.0,0.0,,0.0,0.0,0.0
208323000000,,0.055,0.0,0.0,,0.0,0.0,0.0
208392000000,,0.0575,0.0,0.0,,0.0,0.0,0.0
208492000000,,0.06,0.0,0.0,,0.0,0.0,0.0
208527000000,,0.0625,0.0,0.0,,0.0,0.0,0.0
208627000000,,0.065,0.0,0.0,,0.0,0.0,0.0
208727000000,,0.0675,0.0,0.0,,0.0,0.0,0.0
208827000000,,0.07,0.0,0.0,,0.0,0.0,0.0
208928000000,,0.0725,0.0,0.0,,0.0,0.0,0.0
209027000000,,0.075,0.0,0.0,,0.0,0.0,0.0
209128000000,,0.0775,0.0,0.0,,0.0,0.0,0.0
209227000000,,0.08,0.0,0.0,,0.0,0.0,0.0
209328000000,,0.08,0.0,0.0,,0.0,0.0,0.0
209428000000,,0.08,0.0,0.0,,0.0,0.0,0.0
209528000000,,0.08,0.0,0.0,,0.0,0.0,0.0
209628000000,,0.08,0.0,0.0,,0.0,0.0,0.0
209728000000,,0.08,0.0,0.0,,0.0,0.0,0.0
209829000000,,0.08,0.0,0.0,,0.0,0.0,0.0
209929000000,,0.08,0.0,0.0,,0.0,0.0,0.0
210026000000,,0.08,0.0,0.0,,0.0,0.0,0.0
210126000000,,0.08,0.0,0.0,,0.0,0.0,0.0
210226000000,,0.08,0.0,0.0,,0.0,0.0,0.0
210326000000,,0.08,0.0,0.0,,0.0,0.0,0.0
210426000000,,0.08,0.0,0.0,,0.0,0.0,0.0
210526000000,,0.08,0.0,0.0,,0.0,0.0,0.0
210626000000,,0.08,0.0,0.0,,0.0,0.0,0.0
210726000000,,0.08,0.0,0.0,,0.0,0.0,0.0
210826000000,,0.08,0.0,0.0,,0.0,0.0,0.0
210926000000,,0.08,0.0,0.0,,0.0,0.0,0.0
211026000000,,0.08,0.0,0.0,,0.0,0.0,0.0
211088000000,,0.08,0.0,0.0,,0.0,0.0,-0.1
211188000000,,0.08,0.0,0.0,,0.0,0.0,-0.1
211288000000,,0.08,0.0,0.0,,0.0,0.0,-0.1
211388000000,,0.08,0.0,0.0,,0.0,0.0,-0.1
211488000000,,0.08,0.0,0.0,,0.0,0.0,-0.1
211588000000,,0.08,0.0,0.0,,0.0,0.0,-0.1
211688000000,,0.08,0.0,0.0,,0.0,0.0,-0.1
211788000000,,0.08,0.0,0.0,,0.0,0.0,-0.1
211889000000,,0.08,0.0,0.0,,0.0,0.0,-0.1
211989000000,,0.08,0.0,0.0,,0.0,0.0,-0.1
212089000000,,0.08,0.0,0.0,,0.0,0.0,-0.1
212094000000,,0.08,0.0,0.0,,0.0,0.0,-0.2
212194000000,,0.08,0.0,0.0,,0.0,0.0,-0.2
212293000000,,0.08,0.0,0.0,,0.0,0.0,-0.2
212393000000,,0.08,0.0,0.0,,0.0,0.0,-0.2
212493000000,,0.08,0.0,0.0,,0.0,0.0,-0.2
212594000000,,0.08,0.0,0.0,,0.0,0.0,-0.2
212694000000,,0.08,0.0,0.0,,0.0,0.0,-0.2
212794000000,,0.08,0.0,0.0,,0.0,0.0,-0.2
212894000000,,0.08,0.0,0.0,,0.0,0.0,-0.2
212905000000,,0.08,0.0,0.0,,0.0,0.0,-0.3
213005000000,,0.08,0.0,0.0,,0.0,0.0,-0.3
213106000000,,0.08,0.0,0.0,,0.0,0.0,-0.3
213206000000,,0.08,0.0,0.0,,0.0,0.0,-0.3
213306000000,,0.08,0.0,0.0,,0.0,0.0,-0.3
213403000000,,0.08,0.0,0.0,,0.0,0.0,-0.3
213506000000,,0.08,0.0,0.0,,0.0,0.0,-0.3
213607000000,,0.08,0.0,0.0,,0.0,0.0,-0.3
213706000000,,0.08,0.0,0.0,,0.0,0.0,-0.3
213806000000,,0.08,0.0,0.0,,0.0,0.0,-0.3
213906000000,,0.08,0.0,0.0,,0.0,0.0,-0.3
214006000000,,0.08,0.0,0.0,,0.0,0.0,-0.3
214107000000,,0.08,0.0,0.0,,0.0,0.0,-0.3
214207000000,,0.08,0.0,0.0,,0.0,0.0,-0.3
214307000000,,0.08,0.0,0.0,,0.0,0.0,-0.3
214317000000,,0.08,0.0,0.0,,0.0,0.0,-0.275
214416000000,,0.08,0.0,0.0,,0.0,0.0,-0.25
214517000000,,0.08,0.0,0.0,,0.0,0.0,-0.225
214617000000,,0.08,0.0,0.0,,0.0,0.0,-0.2
214717000000,,0.08,0.0,0.0,,0.0,0.0,-0.2
214817000000,,0.08,0.0,0.0,,0.0,0.0,-0.2
214865000000,,0.08,0.0,0.0,,0.0,0.0,-0.175
214966000000,,0.08,0.0,0.0,,0.0,0.0,-0.15
215066000000,,0.08,0.0,0.0,,0.0,0.0,-0.125
215166000000,,0.08,0.0,0.0,,0.0,0.0,-0.1
215266000000,,0.08,0.0,0.0,,0.0,0.0,-0.1
215300000000,,0.08,0.0,0.0,,0.0,0.0,-0.075
215400000000,,0.08,0.0,0.0,,0.0,0.0,-0.05
215500000000,,0.08,0.0,0.0,,0.0,0.0,-0.025
215600000000,,0.08,0.0,0.0,,0.0,0.0,-3.46944695195e-17
215700000000,,0.08,0.0,0.0,,0.0,0.0,-2.77555756156e-17
215800000000,,0.08,0.0,0.0,,0.0,0.0,-2.77555756156e-17
215900000000,,0.08,0.0,0.0,,0.0,0.0,-2.77555756156e-17
216000000000,,0.08,0.0,0.0,,0.0,0.0,-2.77555756156e-17
216100000000,,0.08,0.0,0.0,,0.0,0.0,-2.77555756156e-17
216201000000,,0.08,0.0,0.0,,0.0,0.0,-2.77555756156e-17
216301000000,,0.08,0.0,0.0,,0.0,0.0,-2.77555756156e-17
216401000000,,0.08,0.0,0.0,,0.0,0.0,-2.77555756156e-17
216501000000,,0.08,0.0,0.0,,0.0,0.0,-2.77555756156e-17
216556000000,,0.08,0.0,0.0,,0.0,0.0,-0.1
216656000000,,0.08,0.0,0.0,,0.0,0.0,-0.1
216756000000,,0.08,0.0,0.0,,0.0,0.0,-0.1
216815000000,,0.08,0.0,0.0,,0.0,0.0,-0.2
216915000000,,0.08,0.0,0.0,,0.0,0.0,-0.2
217015000000,,0.08,0.0,0.0,,0.0,0.0,-0.2
217116000000,,0.08,0.0,0.0,,0.0,0.0,-0.2
217215000000,,0.08,0.0,0.0,,0.0,0.0,-0.2
217315000000,,0.08,0.0,0.0,,0.0,0.0,-0.2
217416000000,,0.08,0.0,0.0,,0.0,0.0,-0.2
217516000000,,0.08,0.0,0.0,,0.0,0.0,-0.2
217616000000,,0.08,0.0,0.0,,0.0,0.0,-0.2
217715000000,,0.08,0.0,0.0,,0.0,0.0,-0.2
217816000000,,0.08,0.0,0.0,,0.0,0.0,-0.2
217913000000,,0.08,0.0,0.0,,0.0,0.0,-0.2
218014000000,,0.08,0.0,0.0,,0.0,0.0,-0.2
218115000000,,0.08,0.0,0.0,,0.0,0.0,-0.2
218215000000,,0.08,0.0,0.0,,0.0,0.0,-0.2
218316000000,,0.08,0.0,0.0,,0.0,0.0,-0.2
218325000000,,0.08,0.0,0.0,,0.0,0.0,-0.175
218425000000,,0.08,0.0,0.0,,0.0,0.0,-0.15
218526000000,,0.08,0.0,0.0,,0.0,0.0,-0.125
218579000000,,0.08,0.0,0.0,,0.0,0.0,-0.1
218679000000,,0.08,0.0,0.0,,0.0,0.0,-0.075
218780000000,,0.08,0.0,0.0,,0.0,0.0,-0.05
218880000000,,0.08,0.0,0.0,,0.0,0.0,-0.025
218980000000,,0.08,0.0,0.0,,0.0,0.0,-6.24500451352e-17
219080000000,,0.08,0.0,0.0,,0.0,0.0,-2.77555756156e-17
219180000000,,0.08,0.0,0.0,,0.0,0.0,-2.77555756156e-17
219280000000,,0.08,0.0,0.0,,0.0,0.0,-2.77555756156e-17
219380000000,,0.08,0.0,0.0,,0.0,0.0,-2.77555756156e-17
219480000000,,0.08,0.0,0.0,,0.0,0.0,-2.77555756156e-17
219580000000,,0.08,0.0,0.0,,0.0,0.0,-2.77555756156e-17
219681000000,,0.08,0.0,0.0,,0.0,0.0,-2.77555756156e-17
219781000000,,0.08,0.0,0.0,,0.0,0.0,-2.77555756156e-17
219881000000,,0.08,0.0,0.0,,0.0,0.0,-2.77555756156e-17
219980000000,,0.08,0.0,0.0,,0.0,0.0,-2.77555756156e-17
220080000000,,0.08,0.0,0.0,,0.0,0.0,-2.77555756156e-17
220178000000,,0.08,0.0,0.0,,0.0,0.0,-2.77555756156e-17
220279000000,,0.08,0.0,0.0,,0.0,0.0,-2.77555756156e-17
220379000000,,0.08,0.0,0.0,,0.0,0.0,-2.77555756156e-17
220479000000,,0.08,0.0,0.0,,0.0,0.0,-2.77555756156e-17
220579000000,,0.08,0.0,0.0,,0.0,0.0,-2.77555756156e-17
220677000000,,0.08,0.0,0.0,,0.0,0.0,-2.77555756156e-17
220776000000,,0.08,0.0,0.0,,0.0,0.0,-2.77555756156e-17
220876000000,,0.08,0.0,0.0,,0.0,0.0,-2.77555756156e-17
220976000000,,0.08,0.0,0.0,,0.0,0.0,-2.77555756156e-17
221076000000,,0.08,0.0,0.0,,0.0,0.0,-2.77555756156e-17
221176000000,,0.08,0.0,0.0,,0.0,0.0,-2.77555756156e-17
221275000000,,0.08,0.0,0.0,,0.0,0.0,-2.77555756156e-17
221376000000,,0.08,0.0,0.0,,0.0,0.0,-2.77555756156e-17
221476000000,,0.08,0.0,0.0,,0.0,0.0,-2.77555756156e-17
221577000000,,0.08,0.0,0.0,,0.0,0.0,-2.77555756156e-17
221677000000,,0.08,0.0,0.0,,0.0,0.0,-2.77555756156e-17
221777000000,,0.08,0.0,0.0,,0.0,0.0,-2.77555756156e-17
221877000000,,0.08,0.0,0.0,,0.0,0.0,-2.77555756156e-17
221977000000,,0.08,0.0,0.0,,0.0,0.0,-2.77555756156e-17
222077000000,,0.08,0.0,0.0,,0.0,0.0,-2.77555756156e-17
222175000000,,0.08,0.0,0.0,,0.0,0.0,-2.77555756156e-17
222275000000,,0.08,0.0,0.0,,0.0,0.0,-2.77555756156e-17
222374000000,,0.08,0.0,0.0,,0.0,0.0,-2.77555756156e-17
222475000000,,0.08,0.0,0.0,,0.0,0.0,-2.77555756156e-17
222574000000,,0.08,0.0,0.0,,0.0,0.0,-2.77555756156e-17
222675000000,,0.08,0.0,0.0,,0.0,0.0,-2.77555756156e-17
222774000000,,0.08,0.0,0.0,,0.0,0.0,-2.77555756156e-17
222875000000,,0.08,0.0,0.0,,0.0,0.0,-2.77555756156e-17
222975000000,,0.08,0.0,0.0,,0.0,0.0,-2.77555756156e-17
223076000000,,0.08,0.0,0.0,,0.0,0.0,-2.77555756156e-17
223177000000,,0.08,0.0,0.0,,0.0,0.0,-2.77555756156e-17
223276000000,,0.08,0.0,0.0,,0.0,0.0,-2.77555756156e-17
223376000000,,0.08,0.0,0.0,,0.0,0.0,-2.77555756156e-17
223476000000,,0.08,0.0,0.0,,0.0,0.0,-2.77555756156e-17
223576000000,,0.08,0.0,0.0,,0.0,0.0,-2.77555756156e-17
223676000000,,0.08,0.0,0.0,,0.0,0.0,-2.77555756156e-17
223776000000,,0.08,0.0,0.0,,0.0,0.0,-2.77555756156e-17
223876000000,,0.08,0.0,0.0,,0.0,0.0,-2.77555756156e-17
223975000000,,0.08,0.0,0.0,,0.0,0.0,-2.77555756156e-17
224074000000,,0.08,0.0,0.0,,0.0,0.0,-2.77555756156e-17
224174000000,,0.08,0.0,0.0,,0.0,0.0,-2.77555756156e-17
224275000000,,0.08,0.0,0.0,,0.0,0.0,-2.77555756156e-17
224375000000,,0.08,0.0,0.0,,0.0,0.0,-2.77555756156e-17
224475000000,,0.08,0.0,0.0,,0.0,0.0,-2.77555756156e-17
224575000000,,0.08,0.0,0.0,,0.0,0.0,-2.77555756156e-17
224679000000,,0.08,0.0,0.0,,0.0,0.0,-2.77555756156e-17
224776000000,,0.08,0.0,0.0,,0.0,0.0,-2.77555756156e-17
224876000000,,0.08,0.0,0.0,,0.0,0.0,-2.77555756156e-17
224976000000,,0.08,0.0,0.0,,0.0,0.0,-2.77555756156e-17
225076000000,,0.08,0.0,0.0,,0.0,0.0,-2.77555756156e-17
225176000000,,0.08,0.0,0.0,,0.0,0.0,-2.77555756156e-17
225276000000,,0.08,0.0,0.0,,0.0,0.0,-2.77555756156e-17
225375000000,,0.08,0.0,0.0,,0.0,0.0,-2.77555756156e-17
225475000000,,0.08,0.0,0.0,,0.0,0.0,-2.77555756156e-17
225575000000,,0.08,0.0,0.0,,0.0,0.0,-2.77555756156e-17
225675000000,,0.08,0.0,0.0,,0.0,0.0,-2.77555756156e-17
225775000000,,0.08,0.0,0.0,,0.0,0.0,-2.77555756156e-17
225875000000,,0.08,0.0,0.0,,0.0,0.0,-2.77555756156e-17
225975000000,,0.08,0.0,0.0,,0.0,0.0,-2.77555756156e-17
226076000000,,0.08,0.0,0.0,,0.0,0.0,-2.77555756156e-17
226176000000,,0.08,0.0,0.0,,0.0,0.0,-2.77555756156e-17
226276000000,,0.08,0.0,0.0,,0.0,0.0,-2.77555756156e-17
226376000000,,0.08,0.0,0.0,,0.0,0.0,-2.77555756156e-17
226476000000,,0.08,0.0,0.0,,0.0,0.0,-2.77555756156e-17
226577000000,,0.08,0.0,0.0,,0.0,0.0,-2.77555756156e-17
226641000000,,0.08,0.0,0.0,,0.0,0.0,-0.1
226741000000,,0.08,0.0,0.0,,0.0,0.0,-0.1
226839000000,,0.08,0.0,0.0,,0.0,0.0,-0.1
226913000000,,0.08,0.0,0.0,,0.0,0.0,-0.2
227012000000,,0.08,0.0,0.0,,0.0,0.0,-0.2
227112000000,,0.08,0.0,0.0,,0.0,0.0,-0.2
227212000000,,0.08,0.0,0.0,,0.0,0.0,-0.2
227308000000,,0.08,0.0,0.0,,0.0,0.0,-0.2
227408000000,,0.08,0.0,0.0,,0.0,0.0,-0.2
227509000000,,0.08,0.0,0.0,,0.0,0.0,-0.2
227608000000,,0.08,0.0,0.0,,0.0,0.0,-0.2
227709000000,,0.08,0.0,0.0,,0.0,0.0,-0.2
227808000000,,0.08,0.0,0.0,,0.0,0.0,-0.2
227908000000,,0.08,0.0,0.0,,0.0,0.0,-0.2
228009000000,,0.08,0.0,0.0,,0.0,0.0,-0.2
228109000000,,0.08,0.0,0.0,,0.0,0.0,-0.2
228209000000,,0.08,0.0,0.0,,0.0,0.0,-0.2
228308000000,,0.08,0.0,0.0,,0.0,0.0,-0.2
228408000000,,0.08,0.0,0.0,,0.0,0.0,-0.2
228508000000,,0.08,0.0,0.0,,0.0,0.0,-0.2
228607000000,,0.08,0.0,0.0,,0.0,0.0,-0.2
228708000000,,0.08,0.0,0.0,,0.0,0.0,-0.2
228808000000,,0.08,0.0,0.0,,0.0,0.0,-0.2
228907000000,,0.08,0.0,0.0,,0.0,0.0,-0.2
229008000000,,0.08,0.0,0.0,,0.0,0.0,-0.2
229108000000,,0.08,0.0,0.0,,0.0,0.0,-0.2
229208000000,,0.08,0.0,0.0,,0.0,0.0,-0.2
229308000000,,0.08,0.0,0.0,,0.0,0.0,-0.2
229405000000,,0.08,0.0,0.0,,0.0,0.0,-0.2
229506000000,,0.08,0.0,0.0,,0.0,0.0,-0.2
229606000000,,0.08,0.0,0.0,,0.0,0.0,-0.2
229706000000,,0.08,0.0,0.0,,0.0,0.0,-0.2
229806000000,,0.08,0.0,0.0,,0.0,0.0,-0.2
229906000000,,0.08,0.0,0.0,,0.0,0.0,-0.2
230006000000,,0.08,0.0,0.0,,0.0,0.0,-0.2
230106000000,,0.08,0.0,0.0,,0.0,0.0,-0.2
230204000000,,0.08,0.0,0.0,,0.0,0.0,-0.2
230304000000,,0.08,0.0,0.0,,0.0,0.0,-0.2
230404000000,,0.08,0.0,0.0,,0.0,0.0,-0.2
230504000000,,0.08,0.0,0.0,,0.0,0.0,-0.2
230604000000,,0.08,0.0,0.0,,0.0,0.0,-0.2
230704000000,,0.08,0.0,0.0,,0.0,0.0,-0.2
230803000000,,0.08,0.0,0.0,,0.0,0.0,-0.2
230900000000,,0.08,0.0,0.0,,0.0,0.0,-0.2
231000000000,,0.08,0.0,0.0,,0.0,0.0,-0.2
231096000000,,0.08,0.0,0.0,,0.0,0.0,-0.2
231196000000,,0.08,0.0,0.0,,0.0,0.0,-0.2
231297000000,,0.08,0.0,0.0,,0.0,0.0,-0.2
231397000000,,0.08,0.0,0.0,,0.0,0.0,-0.2
231497000000,,0.08,0.0,0.0,,0.0,0.0,-0.2
231597000000,,0.08,0.0,0.0,,0.0,0.0,-0.2
231697000000,,0.08,0.0,0.0,,0.0,0.0,-0.2
231797000000,,0.08,0.0,0.0,,0.0,0.0,-0.2
231894000000,,0.08,0.0,0.0,,0.0,0.0,-0.2
231990000000,,0.08,0.0,0.0,,0.0,0.0,-0.2
232091000000,,0.08,0.0,0.0,,0.0,0.0,-0.2
232191000000,,0.08,0.0,0.0,,0.0,0.0,-0.2
232291000000,,0.08,0.0,0.0,,0.0,0.0,-0.2
232390000000,,0.08,0.0,0.0,,0.0,0.0,-0.2
232491000000,,0.08,0.0,0.0,,0.0,0.0,-0.2
232591000000,,0.08,0.0,0.0,,0.0,0.0,-0.2
232691000000,,0.08,0.0,0.0,,0.0,0.0,-0.2
232791000000,,0.08,0.0,0.0,,0.0,0.0,-0.2
232892000000,,0.08,0.0,0.0,,0.0,0.0,-0.2
232992000000,,0.08,0.0,0.0,,0.0,0.0,-0.2
233092000000,,0.08,0.0,0.0,,0.0,0.0,-0.2
233192000000,,0.08,0.0,0.0,,0.0,0.0,-0.2
233292000000,,0.08,0.0,0.0,,0.0,0.0,-0.2
233392000000,,0.08,0.0,0.0,,0.0,0.0,-0.2
233492000000,,0.08,0.0,0.0,,0.0,0.0,-0.2
233591000000,,0.08,0.0,0.0,,0.0,0.0,-0.2
233692000000,,0.08,0.0,0.0,,0.0,0.0,-0.2
233791000000,,0.08,0.0,0.0,,0.0,0.0,-0.2
233891000000,,0.08,0.0,0.0,,0.0,0.0,-0.2
233992000000,,0.08,0.0,0.0,,0.0,0.0,-0.2
234092000000,,0.08,0.0,0.0,,0.0,0.0,-0.2
234192000000,,0.08,0.0,0.0,,0.0,0.0,-0.2
234292000000,,0.08,0.0,0.0,,0.0,0.0,-0.2
234392000000,,0.08,0.0,0.0,,0.0,0.0,-0.2
234482000000,,0.08,0.0,0.0,,0.0,0.0,-0.175
234582000000,,0.08,0.0,0.0,,0.0,0.0,-0.15
234682000000,,0.08,0.0,0.0,,0.0,0.0,-0.125
234783000000,,0.08,0.0,0.0,,0.0,0.0,-0.1
234883000000,,0.08,0.0,0.0,,0.0,0.0,-0.1
234982000000,,0.08,0.0,0.0,,0.0,0.0,-0.1
235083000000,,0.08,0.0,0.0,,0.0,0.0,-0.1
235170000000,,0.08,0.0,0.0,,0.0,0.0,-0.075
235271000000,,0.08,0.0,0.0,,0.0,0.0,-0.05
235371000000,,0.08,0.0,0.0,,0.0,0.0,-0.025
235473000000,,0.08,0.0,0.0,,0.0,0.0,-3.46944695195e-17
235571000000,,0.08,0.0,0.0,,0.0,0.0,-2.77555756156e-17
235671000000,,0.08,0.0,0.0,,0.0,0.0,-2.77555756156e-17
235770000000,,0.08,0.0,0.0,,0.0,0.0,-2.77555756156e-17
235871000000,,0.08,0.0,0.0,,0.0,0.0,-2.77555756156e-17
235971000000,,0.08,0.0,0.0,,0.0,0.0,-2.77555756156e-17
236066000000,,0.08,0.0,0.0,,0.0,0.0,-2.77555756156e-17
236167000000,,0.08,0.0,0.0,,0.0,0.0,-2.77555756156e-17
236266000000,,0.08,0.0,0.0,,0.0,0.0,-2.77555756156e-17
236367000000,,0.08,0.0,0.0,,0.0,0.0,-2.77555756156e-17
236467000000,,0.08,0.0,0.0,,0.0,0.0,-2.77555756156e-17
236512000000,,0.0825,0.0,0.0,,0.0,0.0,-2.77555756156e-17
236611000000,,0.085,0.0,0.0,,0.0,0.0,-2.77555756156e-17
236712000000,,0.0875,0.0,0.0,,0.0,0.0,-2.77555756156e-17
236717000000,,0.09,0.0,0.0,,0.0,0.0,-2.77555756156e-17
236817000000,,0.0925,0.0,0.0,,0.0,0.0,-2.77555756156e-17
236918000000,,0.095,0.0,0.0,,0.0,0.0,-2.77555756156e-17
236927000000,,0.0975,0.0,0.0,,0.0,0.0,-2.77555756156e-17
237027000000,,0.1,0.0,0.0,,0.0,0.0,-2.77555756156e-17
237127000000,,0.1025,0.0,0.0,,0.0,0.0,-2.77555756156e-17
237227000000,,0.105,0.0,0.0,,0.0,0.0,-2.77555756156e-17
237327000000,,0.1075,0.0,0.0,,0.0,0.0,-2.77555756156e-17
237425000000,,0.11,0.0,0.0,,0.0,0.0,-2.77555756156e-17
237526000000,,0.11,0.0,0.0,,0.0,0.0,-2.77555756156e-17
237626000000,,0.11,0.0,0.0,,0.0,0.0,-2.77555756156e-17
237727000000,,0.11,0.0,0.0,,0.0,0.0,-2.77555756156e-17
237826000000,,0.11,0.0,0.0,,0.0,0.0,-2.77555756156e-17
237927000000,,0.11,0.0,0.0,,0.0,0.0,-2.77555756156e-17
238027000000,,0.11,0.0,0.0,,0.0,0.0,-2.77555756156e-17
238127000000,,0.11,0.0,0.0,,0.0,0.0,-2.77555756156e-17
238226000000,,0.11,0.0,0.0,,0.0,0.0,-2.77555756156e-17
238325000000,,0.11,0.0,0.0,,0.0,0.0,-2.77555756156e-17
238426000000,,0.11,0.0,0.0,,0.0,0.0,-2.77555756156e-17
238526000000,,0.11,0.0,0.0,,0.0,0.0,-2.77555756156e-17
238627000000,,0.11,0.0,0.0,,0.0,0.0,-2.77555756156e-17
238728000000,,0.11,0.0,0.0,,0.0,0.0,-2.77555756156e-17
238827000000,,0.11,0.0,0.0,,0.0,0.0,-2.77555756156e-17
238928000000,,0.11,0.0,0.0,,0.0,0.0,-2.77555756156e-17
239028000000,,0.11,0.0,0.0,,0.0,0.0,-2.77555756156e-17
239128000000,,0.11,0.0,0.0,,0.0,0.0,-2.77555756156e-17
239228000000,,0.11,0.0,0.0,,0.0,0.0,-2.77555756156e-17
239328000000,,0.11,0.0,0.0,,0.0,0.0,-2.77555756156e-17
239428000000,,0.11,0.0,0.0,,0.0,0.0,-2.77555756156e-17
239529000000,,0.11,0.0,0.0,,0.0,0.0,-2.77555756156e-17
239628000000,,0.11,0.0,0.0,,0.0,0.0,-2.77555756156e-17
239727000000,,0.11,0.0,0.0,,0.0,0.0,-2.77555756156e-17
239828000000,,0.11,0.0,0.0,,0.0,0.0,-2.77555756156e-17
239929000000,,0.11,0.0,0.0,,0.0,0.0,-2.77555756156e-17
240029000000,,0.11,0.0,0.0,,0.0,0.0,-2.77555756156e-17
240128000000,,0.11,0.0,0.0,,0.0,0.0,-2.77555756156e-17
240227000000,,0.11,0.0,0.0,,0.0,0.0,-2.77555756156e-17
240326000000,,0.11,0.0,0.0,,0.0,0.0,-2.77555756156e-17
240426000000,,0.11,0.0,0.0,,0.0,0.0,-2.77555756156e-17
240527000000,,0.11,0.0,0.0,,0.0,0.0,-2.77555756156e-17
240627000000,,0.11,0.0,0.0,,0.0,0.0,-2.77555756156e-17
240727000000,,0.11,0.0,0.0,,0.0,0.0,-2.77555756156e-17
240828000000,,0.11,0.0,0.0,,0.0,0.0,-2.77555756156e-17
240925000000,,0.11,0.0,0.0,,0.0,0.0,-2.77555756156e-17
241025000000,,0.11,0.0,0.0,,0.0,0.0,-2.77555756156e-17
241126000000,,0.11,0.0,0.0,,0.0,0.0,-2.77555756156e-17
241224000000,,0.11,0.0,0.0,,0.0,0.0,-2.77555756156e-17
241324000000,,0.11,0.0,0.0,,0.0,0.0,-2.77555756156e-17
241419000000,,0.11,0.0,0.0,,0.0,0.0,-2.77555756156e-17
241520000000,,0.11,0.0,0.0,,0.0,0.0,-2.77555756156e-17
241620000000,,0.11,0.0,0.0,,0.0,0.0,-2.77555756156e-17
241720000000,,0.11,0.0,0.0,,0.0,0.0,-2.77555756156e-17
241820000000,,0.11,0.0,0.0,,0.0,0.0,-2.77555756156e-17
241920000000,,0.11,0.0,0.0,,0.0,0.0,-2.77555756156e-17
242020000000,,0.11,0.0,0.0,,0.0,0.0,-2.77555756156e-17
242120000000,,0.11,0.0,0.0,,0.0,0.0,-2.77555756156e-17
242221000000,,0.11,0.0,0.0,,0.0,0.0,-2.77555756156e-17
242321000000,,0.11,0.0,0.0,,0.0,0.0,-2.77555756156e-17
242421000000,,0.11,0.0,0.0,,0.0,0.0,-2.77555756156e-17
242523000000,,0.11,0.0,0.0,,0.0,0.0,-2.77555756156e-17
242621000000,,0.11,0.0,0.0,,0.0,0.0,-2.77555756156e-17
242721000000,,0.11,0.0,0.0,,0.0,0.0,-2.77555756156e-17
242822000000,,0.11,0.0,0.0,,0.0,0.0,-2.77555756156e-17
242922000000,,0.11,0.0,0.0,,0.0,0.0,-2.77555756156e-17
243022000000,,0.11,0.0,0.0,,0.0,0.0,-2.77555756156e-17
243122000000,,0.11,0.0,0.0,,0.0,0.0,-2.77555756156e-17
243222000000,,0.11,0.0,0.0,,0.0,0.0,-2.77555756156e-17
243324000000,,0.11,0.0,0.0,,0.0,0.0,-2.77555756156e-17
243424000000,,0.11,0.0,0.0,,0.0,0.0,-2.77555756156e-17
243525000000,,0.11,0.0,0.0,,0.0,0.0,-2.77555756156e-17
243625000000,,0.11,0.0,0.0,,0.0,0.0,-2.77555756156e-17
243725000000,,0.11,0.0,0.0,,0.0,0.0,-2.77555756156e-17
243825000000,,0.11,0.0,0.0,,0.0,0.0,-2.77555756156e-17
243925000000,,0.11,0.0,0.0,,0.0,0.0,-2.77555756156e-17
244025000000,,0.11,0.0,0.0,,0.0,0.0,-2.77555756156e-17
244125000000,,0.11,0.0,0.0,,0.0,0.0,-2.77555756156e-17
244225000000,,0.11,0.0,0.0,,0.0,0.0,-2.77555756156e-17
244326000000,,0.11,0.0,0.0,,0.0,0.0,-2.77555756156e-17
244426000000,,0.11,0.0,0.0,,0.0,0.0,-2.77555756156e-17
244526000000,,0.11,0.0,0.0,,0.0,0.0,-2.77555756156e-17
244626000000,,0.11,0.0,0.0,,0.0,0.0,-2.77555756156e-17
244727000000,,0.11,0.0,0.0,,0.0,0.0,-2.77555756156e-17
244827000000,,0.11,0.0,0.0,,0.0,0.0,-2.77555756156e-17
244927000000,,0.11,0.0,0.0,,0.0,0.0,-2.77555756156e-17
245027000000,,0.11,0.0,0.0,,0.0,0.0,-2.77555756156e-17
245127000000,,0.11,0.0,0.0,,0.0,0.0,-2.77555756156e-17
245227000000,,0.11,0.0,0.0,,0.0,0.0,-2.77555756156e-17
245327000000,,0.11,0.0,0.0,,0.0,0.0,-2.77555756156e-17
245427000000,,0.11,0.0,0.0,,0.0,0.0,-2.77555756156e-17
245527000000,,0.11,0.0,0.0,,0.0,0.0,-2.77555756156e-17
245626000000,,0.11,0.0,0.0,,0.0,0.0,-2.77555756156e-17
245727000000,,0.11,0.0,0.0,,0.0,0.0,-2.77555756156e-17
245827000000,,0.11,0.0,0.0,,0.0,0.0,-2.77555756156e-17
245928000000,,0.11,0.0,0.0,,0.0,0.0,-2.77555756156e-17
246028000000,,0.11,0.0,0.0,,0.0,0.0,-2.77555756156e-17
246128000000,,0.11,0.0,0.0,,0.0,0.0,-2.77555756156e-17
246228000000,,0.11,0.0,0.0,,0.0,0.0,-2.77555756156e-17
246328000000,,0.11,0.0,0.0,,0.0,0.0,-2.77555756156e-17
246428000000,,0.11,0.0,0.0,,0.0,0.0,-2.77555756156e-17
246528000000,,0.11,0.0,0.0,,0.0,0.0,-2.77555756156e-17
246628000000,,0.11,0.0,0.0,,0.0,0.0,-2.77555756156e-17
246728000000,,0.11,0.0,0.0,,0.0,0.0,-2.77555756156e-17
246829000000,,0.11,0.0,0.0,,0.0,0.0,-2.77555756156e-17
246929000000,,0.11,0.0,0.0,,0.0,0.0,-2.77555756156e-17
247029000000,,0.11,0.0,0.0,,0.0,0.0,-2.77555756156e-17
247129000000,,0.11,0.0,0.0,,0.0,0.0,-2.77555756156e-17
247229000000,,0.11,0.0,0.0,,0.0,0.0,-2.77555756156e-17
247329000000,,0.11,0.0,0.0,,0.0,0.0,-2.77555756156e-17
247429000000,,0.11,0.0,0.0,,0.0,0.0,-2.77555756156e-17
247529000000,,0.11,0.0,0.0,,0.0,0.0,-2.77555756156e-17
247630000000,,0.11,0.0,0.0,,0.0,0.0,-2.77555756156e-17
247728000000,,0.11,0.0,0.0,,0.0,0.0,-2.77555756156e-17
247829000000,,0.11,0.0,0.0,,0.0,0.0,-2.77555756156e-17
247929000000,,0.11,0.0,0.0,,0.0,0.0,-2.77555756156e-17
248030000000,,0.11,0.0,0.0,,0.0,0.0,-2.77555756156e-17
248126000000,,0.11,0.0,0.0,,0.0,0.0,-2.77555756156e-17
248226000000,,0.11,0.0,0.0,,0.0,0.0,-2.77555756156e-17
248281000000,,0.11,0.0,0.0,,0.0,0.0,-0.1
248381000000,,0.11,0.0,0.0,,0.0,0.0,-0.1
248481000000,,0.11,0.0,0.0,,0.0,0.0,-0.1
248499000000,,0.11,0.0,0.0,,0.0,0.0,-0.2
248600000000,,0.11,0.0,0.0,,0.0,0.0,-0.2
248700000000,,0.11,0.0,0.0,,0.0,0.0,-0.2
248800000000,,0.11,0.0,0.0,,0.0,0.0,-0.2
248900000000,,0.11,0.0,0.0,,0.0,0.0,-0.2
249000000000,,0.11,0.0,0.0,,0.0,0.0,-0.2
249100000000,,0.11,0.0,0.0,,0.0,0.0,-0.2
249200000000,,0.11,0.0,0.0,,0.0,0.0,-0.2
249300000000,,0.11,0.0,0.0,,0.0,0.0,-0.2
249401000000,,0.11,0.0,0.0,,0.0,0.0,-0.2
249501000000,,0.11,0.0,0.0,,0.0,0.0,-0.2
249601000000,,0.11,0.0,0.0,,0.0,0.0,-0.2
249701000000,,0.11,0.0,0.0,,0.0,0.0,-0.2
249801000000,,0.11,0.0,0.0,,0.0,0.0,-0.2
249808000000,,0.11,0.0,0.0,,0.0,0.0,-0.3
249908000000,,0.11,0.0,0.0,,0.0,0.0,-0.3
250006000000,,0.11,0.0,0.0,,0.0,0.0,-0.3
250012000000,,0.11,0.0,0.0,,0.0,0.0,-0.4
250112000000,,0.11,0.0,0.0,,0.0,0.0,-0.4
250185000000,,0.11,0.0,0.0,,0.0,0.0,-0.5
250285000000,,0.11,0.0,0.0,,0.0,0.0,-0.5
250365000000,,0.11,0.0,0.0,,0.0,0.0,-0.6
250465000000,,0.11,0.0,0.0,,0.0,0.0,-0.6
250565000000,,0.11,0.0,0.0,,0.0,0.0,-0.6
250665000000,,0.11,0.0,0.0,,0.0,0.0,-0.6
250766000000,,0.11,0.0,0.0,,0.0,0.0,-0.6
250865000000,,0.11,0.0,0.0,,0.0,0.0,-0.6
250961000000,,0.11,0.0,0.0,,0.0,0.0,-0.6
251061000000,,0.11,0.0,0.0,,0.0,0.0,-0.6
251159000000,,0.11,0.0,0.0,,0.0,0.0,-0.6
251259000000,,0.11,0.0,0.0,,0.0,0.0,-0.6
251359000000,,0.11,0.0,0.0,,0.0,0.0,-0.6
251459000000,,0.11,0.0,0.0,,0.0,0.0,-0.6
251515000000,,0.11,0.0,0.0,,0.0,0.0,-0.575
251615000000,,0.11,0.0,0.0,,0.0,0.0,-0.55
251715000000,,0.11,0.0,0.0,,0.0,0.0,-0.525
251812000000,,0.11,0.0,0.0,,0.0,0.0,-0.5
251886000000,,0.11,0.0,0.0,,0.0,0.0,-0.475
251983000000,,0.11,0.0,0.0,,0.0,0.0,-0.45
251998000000,,0.11,0.0,0.0,,0.0,0.0,-0.425
252100000000,,0.11,0.0,0.0,,0.0,0.0,-0.4
252200000000,,0.11,0.0,0.0,,0.0,0.0,-0.375
252301000000,,0.11,0.0,0.0,,0.0,0.0,-0.35
252401000000,,0.11,0.0,0.0,,0.0,0.0,-0.325
252445000000,,0.0,0.0,0.0,,0.0,0.0,0.0
252543000000,,0.0,0.0,0.0,,0.0,0.0,0.0
252644000000,,0.0,0.0,0.0,,0.0,0.0,0.0
252745000000,,0.0,0.0,0.0,,0.0,0.0,0.0
252840000000,,0.0,0.0,0.0,,0.0,0.0,0.0
252940000000,,0.0,0.0,0.0,,0.0,0.0,0.0
253040000000,,0.0,0.0,0.0,,0.0,0.0,0.0
253140000000,,0.0,0.0,0.0,,0.0,0.0,0.0
253241000000,,0.0,0.0,0.0,,0.0,0.0,0.0
253341000000,,0.0,0.0,0.0,,0.0,0.0,0.0
253441000000,,0.0,0.0,0.0,,0.0,0.0,0.0
253540000000,,0.0,0.0,0.0,,0.0,0.0,0.0
253541000000,,0.0,0.0,0.0,,0.0,0.0,-0.1
253641000000,,0.0,0.0,0.0,,0.0,0.0,-0.1
253720000000,,0.0,0.0,0.0,,0.0,0.0,-0.2
253820000000,,0.0,0.0,0.0,,0.0,0.0,-0.2
253920000000,,0.0,0.0,0.0,,0.0,0.0,-0.2
254021000000,,0.0,0.0,0.0,,0.0,0.0,-0.2
254121000000,,0.0,0.0,0.0,,0.0,0.0,-0.2
254221000000,,0.0,0.0,0.0,,0.0,0.0,-0.2
254320000000,,0.0,0.0,0.0,,0.0,0.0,-0.2
254418000000,,0.0,0.0,0.0,,0.0,0.0,-0.2
254518000000,,0.0,0.0,0.0,,0.0,0.0,-0.2
254618000000,,0.0,0.0,0.0,,0.0,0.0,-0.2
254718000000,,0.0,0.0,0.0,,0.0,0.0,-0.2
254813000000,,0.0,0.0,0.0,,0.0,0.0,-0.2
254912000000,,0.0,0.0,0.0,,0.0,0.0,-0.2
255010000000,,0.0,0.0,0.0,,0.0,0.0,-0.2
255106000000,,0.0,0.0,0.0,,0.0,0.0,-0.2
255207000000,,0.0,0.0,0.0,,0.0,0.0,-0.2
255303000000,,0.0,0.0,0.0,,0.0,0.0,-0.175
255397000000,,0.0,0.0,0.0,,0.0,0.0,-0.15
255497000000,,0.0,0.0,0.0,,0.0,0.0,-0.125
255516000000,,0.0,0.0,0.0,,0.0,0.0,-0.1
255614000000,,0.0,0.0,0.0,,0.0,0.0,-0.075
255698000000,,0.0,0.0,0.0,,0.0,0.0,-0.05
255798000000,,0.0,0.0,0.0,,0.0,0.0,-0.025
255878000000,,0.0,0.0,0.0,,0.0,0.0,-3.46944695195e-17
255979000000,,0.0,0.0,0.0,,0.0,0.0,0.025
256079000000,,0.0,0.0,0.0,,0.0,0.0,0.05
256179000000,,0.0,0.0,0.0,,0.0,0.0,0.075
256279000000,,0.0,0.0,0.0,,0.0,0.0,0.1
256377000000,,0.0,0.0,0.0,,0.0,0.0,0.125
256477000000,,0.0,0.0,0.0,,0.0,0.0,0.15
256577000000,,0.0,0.0,0.0,,0.0,0.0,0.175
256677000000,,0.0,0.0,0.0,,0.0,0.0,0.2
256776000000,,0.0,0.0,0.0,,0.0,0.0,0.2
256875000000,,0.0,0.0,0.0,,0.0,0.0,0.2
256975000000,,0.0,0.0,0.0,,0.0,0.0,0.2
257075000000,,0.0,0.0,0.0,,0.0,0.0,0.2
257175000000,,0.0,0.0,0.0,,0.0,0.0,0.2
257275000000,,0.0,0.0,0.0,,0.0,0.0,0.2
257374000000,,0.0,0.0,0.0,,0.0,0.0,0.2
257475000000,,0.0,0.0,0.0,,0.0,0.0,0.2
257576000000,,0.0,0.0,0.0,,0.0,0.0,0.2
257675000000,,0.0,0.0,0.0,,0.0,0.0,0.2
257776000000,,0.0,0.0,0.0,,0.0,0.0,0.2
257876000000,,0.0,0.0,0.0,,0.0,0.0,0.2
257976000000,,0.0,0.0,0.0,,0.0,0.0,0.2
258076000000,,0.0,0.0,0.0,,0.0,0.0,0.2
258175000000,,0.0,0.0,0.0,,0.0,0.0,0.2
258275000000,,0.0,0.0,0.0,,0.0,0.0,0.2
258376000000,,0.0,0.0,0.0,,0.0,0.0,0.2
258473000000,,0.0,0.0,0.0,,0.0,0.0,0.2
258573000000,,0.0,0.0,0.0,,0.0,0.0,0.2
258673000000,,0.0,0.0,0.0,,0.0,0.0,0.2
258774000000,,0.0,0.0,0.0,,0.0,0.0,0.2
258874000000,,0.0,0.0,0.0,,0.0,0.0,0.2
258969000000,,0.0,0.0,0.0,,0.0,0.0,0.2
259069000000,,0.0,0.0,0.0,,0.0,0.0,0.2
259162000000,,0.0,0.0,0.0,,0.0,0.0,0.2
259262000000,,0.0,0.0,0.0,,0.0,0.0,0.2
259362000000,,0.0,0.0,0.0,,0.0,0.0,0.2
259462000000,,0.0,0.0,0.0,,0.0,0.0,0.2
259562000000,,0.0,0.0,0.0,,0.0,0.0,0.2
259597000000,,0.0,0.0,0.0,,0.0,0.0,0.0
259698000000,,0.0,0.0,0.0,,0.0,0.0,0.0
259798000000,,0.0,0.0,0.0,,0.0,0.0,0.0
259898000000,,0.0,0.0,0.0,,0.0,0.0,0.0
259998000000,,0.0,0.0,0.0,,0.0,0.0,0.0
260098000000,,0.0,0.0,0.0,,0.0,0.0,0.0
260193000000,,0.0,0.0,0.0,,0.0,0.0,0.0
260226000000,,0.0025,0.0,0.0,,0.0,0.0,0.0
260326000000,,0.005,0.0,0.0,,0.0,0.0,0.0
260426000000,,0.0075,0.0,0.0,,0.0,0.0,0.0
260526000000,,0.01,0.0,0.0,,0.0,0.0,0.0
260626000000,,0.01,0.0,0.0,,0.0,0.0,0.0
260726000000,,0.01,0.0,0.0,,0.0,0.0,0.0
260824000000,,0.01,0.0,0.0,,0.0,0.0,0.0
260924000000,,0.01,0.0,0.0,,0.0,0.0,0.0
261024000000,,0.01,0.0,0.0,,0.0,0.0,0.0
261125000000,,0.01,0.0,0.0,,0.0,0.0,0.0
261225000000,,0.01,0.0,0.0,,0.0,0.0,0.0
261325000000,,0.01,0.0,0.0,,0.0,0.0,0.0
261424000000,,0.01,0.0,0.0,,0.0,0.0,0.0
261525000000,,0.01,0.0,0.0,,0.0,0.0,0.0
261625000000,,0.01,0.0,0.0,,0.0,0.0,0.0
261725000000,,0.01,0.0,0.0,,0.0,0.0,0.0
261825000000,,0.01,0.0,0.0,,0.0,0.0,0.0
261908000000,,0.0125,0.0,0.0,,0.0,0.0,0.0
262008000000,,0.015,0.0,0.0,,0.0,0.0,0.0
262098000000,,0.0175,0.0,0.0,,0.0,0.0,0.0
262193000000,,0.02,0.0,0.0,,0.0,0.0,0.0
262232000000,,0.0225,0.0,0.0,,0.0,0.0,0.0
262332000000,,0.025,0.0,0.0,,0.0,0.0,0.0
262377000000,,0.0275,0.0,0.0,,0.0,0.0,0.0
262477000000,,0.03,0.0,0.0,,0.0,0.0,0.0
262577000000,,0.0325,0.0,0.0,,0.0,0.0,0.0
262677000000,,0.035,0.0,0.0,,0.0,0.0,0.0
262777000000,,0.0375,0.0,0.0,,0.0,0.0,0.0
262877000000,,0.04,0.0,0.0,,0.0,0.0,0.0
262975000000,,0.0425,0.0,0.0,,0.0,0.0,0.0
263076000000,,0.045,0.0,0.0,,0.0,0.0,0.0
263177000000,,0.0475,0.0,0.0,,0.0,0.0,0.0
263277000000,,0.05,0.0,0.0,,0.0,0.0,0.0
263378000000,,0.05,0.0,0.0,,0.0,0.0,0.0
263478000000,,0.05,0.0,0.0,,0.0,0.0,0.0
263578000000,,0.05,0.0,0.0,,0.0,0.0,0.0
263679000000,,0.05,0.0,0.0,,0.0,0.0,0.0
263779000000,,0.05,0.0,0.0,,0.0,0.0,0.0
263879000000,,0.05,0.0,0.0,,0.0,0.0,0.0
263979000000,,0.05,0.0,0.0,,0.0,0.0,0.0
264079000000,,0.05,0.0,0.0,,0.0,0.0,0.0
264179000000,,0.05,0.0,0.0,,0.0,0.0,0.0
264279000000,,0.05,0.0,0.0,,0.0,0.0,0.0
264379000000,,0.05,0.0,0.0,,0.0,0.0,0.0
264479000000,,0.05,0.0,0.0,,0.0,0.0,0.0
264579000000,,0.05,0.0,0.0,,0.0,0.0,0.0
264680000000,,0.05,0.0,0.0,,0.0,0.0,0.0
264780000000,,0.05,0.0,0.0,,0.0,0.0,0.0
264880000000,,0.05,0.0,0.0,,0.0,0.0,0.0
264980000000,,0.05,0.0,0.0,,0.0,0.0,0.0
265077000000,,0.05,0.0,0.0,,0.0,0.0,0.0
265177000000,,0.05,0.0,0.0,,0.0,0.0,0.0
265278000000,,0.05,0.0,0.0,,0.0,0.0,0.0
265378000000,,0.05,0.0,0.0,,0.0,0.0,0.0
265478000000,,0.05,0.0,0.0,,0.0,0.0,0.0
265578000000,,0.05,0.0,0.0,,0.0,0.0,0.0
265678000000,,0.05,0.0,0.0,,0.0,0.0,0.0
265778000000,,0.05,0.0,0.0,,0.0,0.0,0.0
265878000000,,0.05,0.0,0.0,,0.0,0.0,0.0
265978000000,,0.05,0.0,0.0,,0.0,0.0,0.0
266078000000,,0.05,0.0,0.0,,0.0,0.0,0.0
266177000000,,0.05,0.0,0.0,,0.0,0.0,0.0
266277000000,,0.05,0.0,0.0,,0.0,0.0,0.0
266377000000,,0.05,0.0,0.0,,0.0,0.0,0.0
266477000000,,0.05,0.0,0.0,,0.0,0.0,0.0
266577000000,,0.05,0.0,0.0,,0.0,0.0,0.0
266678000000,,0.05,0.0,0.0,,0.0,0.0,0.0
266778000000,,0.05,0.0,0.0,,0.0,0.0,0.0
266878000000,,0.05,0.0,0.0,,0.0,0.0,0.0
266978000000,,0.05,0.0,0.0,,0.0,0.0,0.0
267078000000,,0.05,0.0,0.0,,0.0,0.0,0.0
267178000000,,0.05,0.0,0.0,,0.0,0.0,0.0
267278000000,,0.05,0.0,0.0,,0.0,0.0,0.0
267378000000,,0.05,0.0,0.0,,0.0,0.0,0.0
267479000000,,0.05,0.0,0.0,,0.0,0.0,0.0
267578000000,,0.05,0.0,0.0,,0.0,0.0,0.0
267678000000,,0.05,0.0,0.0,,0.0,0.0,0.0
267779000000,,0.05,0.0,0.0,,0.0,0.0,0.0
267879000000,,0.05,0.0,0.0,,0.0,0.0,0.0
267979000000,,0.05,0.0,0.0,,0.0,0.0,0.0
268079000000,,0.05,0.0,0.0,,0.0,0.0,0.0
268179000000,,0.05,0.0,0.0,,0.0,0.0,0.0
268277000000,,0.05,0.0,0.0,,0.0,0.0,0.0
268377000000,,0.05,0.0,0.0,,0.0,0.0,0.0
268477000000,,0.05,0.0,0.0,,0.0,0.0,0.0
268577000000,,0.05,0.0,0.0,,0.0,0.0,0.0
268678000000,,0.05,0.0,0.0,,0.0,0.0,0.0
268778000000,,0.05,0.0,0.0,,0.0,0.0,0.0
268876000000,,0.05,0.0,0.0,,0.0,0.0,0.0
268976000000,,0.05,0.0,0.0,,0.0,0.0,0.0
269071000000,,0.05,0.0,0.0,,0.0,0.0,0.0
269171000000,,0.05,0.0,0.0,,0.0,0.0,0.0
269271000000,,0.05,0.0,0.0,,0.0,0.0,0.0
269371000000,,0.05,0.0,0.0,,0.0,0.0,0.0
269471000000,,0.05,0.0,0.0,,0.0,0.0,0.0
269571000000,,0.05,0.0,0.0,,0.0,0.0,0.0
269672000000,,0.05,0.0,0.0,,0.0,0.0,0.0
269772000000,,0.05,0.0,0.0,,0.0,0.0,0.0
269872000000,,0.05,0.0,0.0,,0.0,0.0,0.0
269972000000,,0.05,0.0,0.0,,0.0,0.0,0.0
270072000000,,0.05,0.0,0.0,,0.0,0.0,0.0
270170000000,,0.05,0.0,0.0,,0.0,0.0,0.0
270270000000,,0.05,0.0,0.0,,0.0,0.0,0.0
270370000000,,0.05,0.0,0.0,,0.0,0.0,0.0
270470000000,,0.05,0.0,0.0,,0.0,0.0,0.0
270571000000,,0.05,0.0,0.0,,0.0,0.0,0.0
270671000000,,0.05,0.0,0.0,,0.0,0.0,0.0
270771000000,,0.05,0.0,0.0,,0.0,0.0,0.0
270870000000,,0.05,0.0,0.0,,0.0,0.0,0.0
270970000000,,0.05,0.0,0.0,,0.0,0.0,0.0
271070000000,,0.05,0.0,0.0,,0.0,0.0,0.0
271166000000,,0.05,0.0,0.0,,0.0,0.0,0.0
271265000000,,0.05,0.0,0.0,,0.0,0.0,0.0
271365000000,,0.05,0.0,0.0,,0.0,0.0,0.0
271465000000,,0.05,0.0,0.0,,0.0,0.0,0.0
271564000000,,0.05,0.0,0.0,,0.0,0.0,0.0
271664000000,,0.05,0.0,0.0,,0.0,0.0,0.0
271758000000,,0.05,0.0,0.0,,0.0,0.0,0.0
271858000000,,0.05,0.0,0.0,,0.0,0.0,0.0
271958000000,,0.05,0.0,0.0,,0.0,0.0,0.0
272058000000,,0.05,0.0,0.0,,0.0,0.0,0.0
272156000000,,0.05,0.0,0.0,,0.0,0.0,0.0
272256000000,,0.05,0.0,0.0,,0.0,0.0,0.0
272356000000,,0.05,0.0,0.0,,0.0,0.0,0.0
272456000000,,0.05,0.0,0.0,,0.0,0.0,0.0
272556000000,,0.05,0.0,0.0,,0.0,0.0,0.0
272656000000,,0.05,0.0,0.0,,0.0,0.0,0.0
272757000000,,0.05,0.0,0.0,,0.0,0.0,0.0
272857000000,,0.05,0.0,0.0,,0.0,0.0,0.0
272957000000,,0.05,0.0,0.0,,0.0,0.0,0.0
273057000000,,0.05,0.0,0.0,,0.0,0.0,0.0
273157000000,,0.05,0.0,0.0,,0.0,0.0,0.0
273257000000,,0.05,0.0,0.0,,0.0,0.0,0.0
273357000000,,0.05,0.0,0.0,,0.0,0.0,0.0
273457000000,,0.05,0.0,0.0,,0.0,0.0,0.0
273557000000,,0.05,0.0,0.0,,0.0,0.0,0.0
273657000000,,0.05,0.0,0.0,,0.0,0.0,0.0
273758000000,,0.05,0.0,0.0,,0.0,0.0,0.0
273858000000,,0.05,0.0,0.0,,0.0,0.0,0.0
273957000000,,0.05,0.0,0.0,,0.0,0.0,0.0
274058000000,,0.05,0.0,0.0,,0.0,0.0,0.0
274158000000,,0.05,0.0,0.0,,0.0,0.0,0.0
274258000000,,0.05,0.0,0.0,,0.0,0.0,0.0
274358000000,,0.05,0.0,0.0,,0.0,0.0,0.0
274459000000,,0.05,0.0,0.0,,0.0,0.0,0.0
274558000000,,0.05,0.0,0.0,,0.0,0.0,0.0
274659000000,,0.05,0.0,0.0,,0.0,0.0,0.0
274758000000,,0.05,0.0,0.0,,0.0,0.0,0.0
274859000000,,0.05,0.0,0.0,,0.0,0.0,0.0
274959000000,,0.05,0.0,0.0,,0.0,0.0,0.0
275059000000,,0.05,0.0,0.0,,0.0,0.0,0.0
275159000000,,0.05,0.0,0.0,,0.0,0.0,0.0
275259000000,,0.05,0.0,0.0,,0.0,0.0,0.0
275356000000,,0.05,0.0,0.0,,0.0,0.0,0.0
275457000000,,0.05,0.0,0.0,,0.0,0.0,0.0
275560000000,,0.05,0.0,0.0,,0.0,0.0,0.0
275660000000,,0.05,0.0,0.0,,0.0,0.0,0.0
275761000000,,0.05,0.0,0.0,,0.0,0.0,0.0
275860000000,,0.05,0.0,0.0,,0.0,0.0,0.0
275960000000,,0.05,0.0,0.0,,0.0,0.0,0.0
276060000000,,0.05,0.0,0.0,,0.0,0.0,0.0
276161000000,,0.05,0.0,0.0,,0.0,0.0,0.0
276261000000,,0.05,0.0,0.0,,0.0,0.0,0.0
276361000000,,0.05,0.0,0.0,,0.0,0.0,0.0
276461000000,,0.05,0.0,0.0,,0.0,0.0,0.0
276561000000,,0.05,0.0,0.0,,0.0,0.0,0.0
276661000000,,0.05,0.0,0.0,,0.0,0.0,0.0
276761000000,,0.05,0.0,0.0,,0.0,0.0,0.0
276862000000,,0.05,0.0,0.0,,0.0,0.0,0.0
276960000000,,0.05,0.0,0.0,,0.0,0.0,0.0
277060000000,,0.05,0.0,0.0,,0.0,0.0,0.0
277161000000,,0.05,0.0,0.0,,0.0,0.0,0.0
277261000000,,0.05,0.0,0.0,,0.0,0.0,0.0
277361000000,,0.05,0.0,0.0,,0.0,0.0,0.0
277461000000,,0.05,0.0,0.0,,0.0,0.0,0.0
277561000000,,0.05,0.0,0.0,,0.0,0.0,0.0
277661000000,,0.05,0.0,0.0,,0.0,0.0,0.0
277761000000,,0.05,0.0,0.0,,0.0,0.0,0.0
277861000000,,0.05,0.0,0.0,,0.0,0.0,0.0
277961000000,,0.05,0.0,0.0,,0.0,0.0,0.0
278061000000,,0.05,0.0,0.0,,0.0,0.0,0.0
278162000000,,0.05,0.0,0.0,,0.0,0.0,0.0
278261000000,,0.05,0.0,0.0,,0.0,0.0,0.0
278359000000,,0.05,0.0,0.0,,0.0,0.0,0.0
278459000000,,0.05,0.0,0.0,,0.0,0.0,0.0
278560000000,,0.05,0.0,0.0,,0.0,0.0,0.0
278659000000,,0.05,0.0,0.0,,0.0,0.0,0.0
278760000000,,0.05,0.0,0.0,,0.0,0.0,0.0
278860000000,,0.05,0.0,0.0,,0.0,0.0,0.0
278960000000,,0.05,0.0,0.0,,0.0,0.0,0.0
279060000000,,0.05,0.0,0.0,,0.0,0.0,0.0
279158000000,,0.05,0.0,0.0,,0.0,0.0,0.0
279258000000,,0.05,0.0,0.0,,0.0,0.0,0.0
279358000000,,0.05,0.0,0.0,,0.0,0.0,0.0
279459000000,,0.05,0.0,0.0,,0.0,0.0,0.0
279559000000,,0.05,0.0,0.0,,0.0,0.0,0.0
279659000000,,0.05,0.0,0.0,,0.0,0.0,0.0
279759000000,,0.05,0.0,0.0,,0.0,0.0,0.0
279859000000,,0.05,0.0,0.0,,0.0,0.0,0.0
279959000000,,0.05,0.0,0.0,,0.0,0.0,0.0
280059000000,,0.05,0.0,0.0,,0.0,0.0,0.0
280160000000,,0.05,0.0,0.0,,0.0,0.0,0.0
280260000000,,0.05,0.0,0.0,,0.0,0.0,0.0
280360000000,,0.05,0.0,0.0,,0.0,0.0,0.0
280460000000,,0.05,0.0,0.0,,0.0,0.0,0.0
280560000000,,0.05,0.0,0.0,,0.0,0.0,0.0
280661000000,,0.05,0.0,0.0,,0.0,0.0,0.0
280760000000,,0.05,0.0,0.0,,0.0,0.0,0.0
280861000000,,0.05,0.0,0.0,,0.0,0.0,0.0
280961000000,,0.05,0.0,0.0,,0.0,0.0,0.0
281061000000,,0.05,0.0,0.0,,0.0,0.0,0.0
281161000000,,0.05,0.0,0.0,,0.0,0.0,0.0
281261000000,,0.05,0.0,0.0,,0.0,0.0,0.0
281361000000,,0.05,0.0,0.0,,0.0,0.0,0.0
281461000000,,0.05,0.0,0.0,,0.0,0.0,0.0
281561000000,,0.05,0.0,0.0,,0.0,0.0,0.0
281660000000,,0.05,0.0,0.0,,0.0,0.0,0.0
281761000000,,0.05,0.0,0.0,,0.0,0.0,0.0
281861000000,,0.05,0.0,0.0,,0.0,0.0,0.0
281961000000,,0.05,0.0,0.0,,0.0,0.0,0.0
282058000000,,0.05,0.0,0.0,,0.0,0.0,0.0
282161000000,,0.05,0.0,0.0,,0.0,0.0,0.0
282261000000,,0.05,0.0,0.0,,0.0,0.0,0.0
282360000000,,0.05,0.0,0.0,,0.0,0.0,0.0
282461000000,,0.05,0.0,0.0,,0.0,0.0,0.0
282561000000,,0.05,0.0,0.0,,0.0,0.0,0.0
282661000000,,0.05,0.0,0.0,,0.0,0.0,0.0
282761000000,,0.05,0.0,0.0,,0.0,0.0,0.0
282861000000,,0.05,0.0,0.0,,0.0,0.0,0.0
282961000000,,0.05,0.0,0.0,,0.0,0.0,0.0
283055000000,,0.05,0.0,0.0,,0.0,0.0,0.0
283153000000,,0.05,0.0,0.0,,0.0,0.0,0.0
283254000000,,0.05,0.0,0.0,,0.0,0.0,0.0
283354000000,,0.05,0.0,0.0,,0.0,0.0,0.0
283453000000,,0.05,0.0,0.0,,0.0,0.0,0.0
283551000000,,0.05,0.0,0.0,,0.0,0.0,0.0
283654000000,,0.05,0.0,0.0,,0.0,0.0,0.0
283753000000,,0.05,0.0,0.0,,0.0,0.0,0.0
283854000000,,0.05,0.0,0.0,,0.0,0.0,0.0
283953000000,,0.05,0.0,0.0,,0.0,0.0,0.0
284054000000,,0.05,0.0,0.0,,0.0,0.0,0.0
284154000000,,0.05,0.0,0.0,,0.0,0.0,0.0
284254000000,,0.05,0.0,0.0,,0.0,0.0,0.0
284353000000,,0.05,0.0,0.0,,0.0,0.0,0.0
284454000000,,0.05,0.0,0.0,,0.0,0.0,0.0
284554000000,,0.05,0.0,0.0,,0.0,0.0,0.0
284654000000,,0.05,0.0,0.0,,0.0,0.0,0.0
284754000000,,0.05,0.0,0.0,,0.0,0.0,0.0
284854000000,,0.05,0.0,0.0,,0.0,0.0,0.0
284954000000,,0.05,0.0,0.0,,0.0,0.0,0.0
285054000000,,0.05,0.0,0.0,,0.0,0.0,0.0
285155000000,,0.05,0.0,0.0,,0.0,0.0,0.0
285255000000,,0.05,0.0,0.0,,0.0,0.0,0.0
285354000000,,0.05,0.0,0.0,,0.0,0.0,0.0
285451000000,,0.05,0.0,0.0,,0.0,0.0,0.0
285551000000,,0.05,0.0,0.0,,0.0,0.0,0.0
285652000000,,0.05,0.0,0.0,,0.0,0.0,0.0
285752000000,,0.05,0.0,0.0,,0.0,0.0,0.0
285852000000,,0.05,0.0,0.0,,0.0,0.0,0.0
285952000000,,0.05,0.0,0.0,,0.0,0.0,0.0
286049000000,,0.05,0.0,0.0,,0.0,0.0,0.0
286149000000,,0.05,0.0,0.0,,0.0,0.0,0.0
286249000000,,0.05,0.0,0.0,,0.0,0.0,0.0
286350000000,,0.05,0.0,0.0,,0.0,0.0,0.0
286450000000,,0.05,0.0,0.0,,0.0,0.0,0.0
286549000000,,0.05,0.0,0.0,,0.0,0.0,0.0
286649000000,,0.05,0.0,0.0,,0.0,0.0,0.0
286749000000,,0.05,0.0,0.0,,0.0,0.0,0.0
286849000000,,0.05,0.0,0.0,,0.0,0.0,0.0
286949000000,,0.05,0.0,0.0,,0.0,0.0,0.0
287049000000,,0.05,0.0,0.0,,0.0,0.0,0.0
287149000000,,0.05,0.0,0.0,,0.0,0.0,0.0
287249000000,,0.05,0.0,0.0,,0.0,0.0,0.0
287349000000,,0.05,0.0,0.0,,0.0,0.0,0.0
287450000000,,0.05,0.0,0.0,,0.0,0.0,0.0
287549000000,,0.05,0.0,0.0,,0.0,0.0,0.0
287649000000,,0.05,0.0,0.0,,0.0,0.0,0.0
287749000000,,0.05,0.0,0.0,,0.0,0.0,0.0
287847000000,,0.05,0.0,0.0,,0.0,0.0,0.0
287947000000,,0.05,0.0,0.0,,0.0,0.0,0.0
288049000000,,0.05,0.0,0.0,,0.0,0.0,0.0
288147000000,,0.05,0.0,0.0,,0.0,0.0,0.0
288247000000,,0.05,0.0,0.0,,0.0,0.0,0.0
288348000000,,0.05,0.0,0.0,,0.0,0.0,0.0
288448000000,,0.05,0.0,0.0,,0.0,0.0,0.0
288546000000,,0.05,0.0,0.0,,0.0,0.0,0.0
288644000000,,0.05,0.0,0.0,,0.0,0.0,0.0
288741000000,,0.05,0.0,0.0,,0.0,0.0,0.0
288843000000,,0.05,0.0,0.0,,0.0,0.0,0.0
288944000000,,0.05,0.0,0.0,,0.0,0.0,0.0
289045000000,,0.05,0.0,0.0,,0.0,0.0,0.0
289145000000,,0.05,0.0,0.0,,0.0,0.0,0.0
289245000000,,0.05,0.0,0.0,,0.0,0.0,0.0
289345000000,,0.05,0.0,0.0,,0.0,0.0,0.0
289445000000,,0.05,0.0,0.0,,0.0,0.0,0.0
289546000000,,0.05,0.0,0.0,,0.0,0.0,0.0
289646000000,,0.05,0.0,0.0,,0.0,0.0,0.0
289746000000,,0.05,0.0,0.0,,0.0,0.0,0.0
289847000000,,0.05,0.0,0.0,,0.0,0.0,0.0
289944000000,,0.05,0.0,0.0,,0.0,0.0,0.0
290044000000,,0.05,0.0,0.0,,0.0,0.0,0.0
290144000000,,0.05,0.0,0.0,,0.0,0.0,0.0
290244000000,,0.05,0.0,0.0,,0.0,0.0,0.0
290344000000,,0.05,0.0,0.0,,0.0,0.0,0.0
290445000000,,0.05,0.0,0.0,,0.0,0.0,0.0
290545000000,,0.05,0.0,0.0,,0.0,0.0,0.0
290645000000,,0.05,0.0,0.0,,0.0,0.0,0.0
290745000000,,0.05,0.0,0.0,,0.0,0.0,0.0
290845000000,,0.05,0.0,0.0,,0.0,0.0,0.0
290941000000,,0.05,0.0,0.0,,0.0,0.0,0.0
291041000000,,0.05,0.0,0.0,,0.0,0.0,0.0
291132000000,,0.05,0.0,0.0,,0.0,0.0,0.0
291237000000,,0.05,0.0,0.0,,0.0,0.0,0.0
291338000000,,0.05,0.0,0.0,,0.0,0.0,0.0
291439000000,,0.05,0.0,0.0,,0.0,0.0,0.0
291539000000,,0.05,0.0,0.0,,0.0,0.0,0.0
291637000000,,0.05,0.0,0.0,,0.0,0.0,0.0
291737000000,,0.05,0.0,0.0,,0.0,0.0,0.0
291837000000,,0.05,0.0,0.0,,0.0,0.0,0.0
291937000000,,0.05,0.0,0.0,,0.0,0.0,0.0
292038000000,,0.05,0.0,0.0,,0.0,0.0,0.0
292138000000,,0.05,0.0,0.0,,0.0,0.0,0.0
292233000000,,0.05,0.0,0.0,,0.0,0.0,0.0
292333000000,,0.05,0.0,0.0,,0.0,0.0,0.0
292434000000,,0.05,0.0,0.0,,0.0,0.0,0.0
292532000000,,0.05,0.0,0.0,,0.0,0.0,0.0
292633000000,,0.05,0.0,0.0,,0.0,0.0,0.0
292732000000,,0.05,0.0,0.0,,0.0,0.0,0.0
292832000000,,0.05,0.0,0.0,,0.0,0.0,0.0
292932000000,,0.05,0.0,0.0,,0.0,0.0,0.0
293032000000,,0.05,0.0,0.0,,0.0,0.0,0.0
293133000000,,0.05,0.0,0.0,,0.0,0.0,0.0
293232000000,,0.05,0.0,0.0,,0.0,0.0,0.0
293332000000,,0.05,0.0,0.0,,0.0,0.0,0.0
293433000000,,0.05,0.0,0.0,,0.0,0.0,0.0
293533000000,,0.05,0.0,0.0,,0.0,0.0,0.0
293633000000,,0.05,0.0,0.0,,0.0,0.0,0.0
293733000000,,0.05,0.0,0.0,,0.0,0.0,0.0
293833000000,,0.05,0.0,0.0,,0.0,0.0,0.0
293934000000,,0.05,0.0,0.0,,0.0,0.0,0.0
294034000000,,0.05,0.0,0.0,,0.0,0.0,0.0
294134000000,,0.05,0.0,0.0,,0.0,0.0,0.0
294234000000,,0.05,0.0,0.0,,0.0,0.0,0.0
294334000000,,0.05,0.0,0.0,,0.0,0.0,0.0
294434000000,,0.05,0.0,0.0,,0.0,0.0,0.0
294534000000,,0.05,0.0,0.0,,0.0,0.0,0.0
294634000000,,0.05,0.0,0.0,,0.0,0.0,0.0
294735000000,,0.05,0.0,0.0,,0.0,0.0,0.0
294828000000,,0.05,0.0,0.0,,0.0,0.0,0.0
294930000000,,0.05,0.0,0.0,,0.0,0.0,0.0
295030000000,,0.05,0.0,0.0,,0.0,0.0,0.0
295130000000,,0.05,0.0,0.0,,0.0,0.0,0.0
295230000000,,0.05,0.0,0.0,,0.0,0.0,0.0
295330000000,,0.05,0.0,0.0,,0.0,0.0,0.0
295430000000,,0.05,0.0,0.0,,0.0,0.0,0.0
295531000000,,0.05,0.0,0.0,,0.0,0.0,0.0
295566000000,,0.0,0.0,0.0,,0.0,0.0,0.0
295666000000,,0.0,0.0,0.0,,0.0,0.0,0.0
295766000000,,0.0,0.0,0.0,,0.0,0.0,0.0
295865000000,,0.0,0.0,0.0,,0.0,0.0,0.0
295965000000,,0.0,0.0,0.0,,0.0,0.0,0.0
296066000000,,0.0,0.0,0.0,,0.0,0.0,0.0
296166000000,,0.0,0.0,0.0,,0.0,0.0,0.0
296266000000,,0.0,0.0,0.0,,0.0,0.0,0.0
296366000000,,0.0,0.0,0.0,,0.0,0.0,0.0
296466000000,,0.0,0.0,0.0,,0.0,0.0,0.0
296564000000,,0.0,0.0,0.0,,0.0,0.0,0.0
296665000000,,0.0,0.0,0.0,,0.0,0.0,0.0
296766000000,,0.0,0.0,0.0,,0.0,0.0,0.0
296867000000,,0.0,0.0,0.0,,0.0,0.0,0.0
296966000000,,0.0,0.0,0.0,,0.0,0.0,0.0
297067000000,,0.0,0.0,0.0,,0.0,0.0,0.0
297167000000,,0.0,0.0,0.0,,0.0,0.0,0.0
297267000000,,0.0,0.0,0.0,,0.0,0.0,0.0
297364000000,,0.0,0.0,0.0,,0.0,0.0,0.0
297465000000,,0.0,0.0,0.0,,0.0,0.0,0.0
297565000000,,0.0,0.0,0.0,,0.0,0.0,0.0
297665000000,,0.0,0.0,0.0,,0.0,0.0,0.0
297765000000,,0.0,0.0,0.0,,0.0,0.0,0.0
297865000000,,0.0,0.0,0.0,,0.0,0.0,0.0
297960000000,,0.0,0.0,0.0,,0.0,0.0,0.0
298060000000,,0.0,0.0,0.0,,0.0,0.0,0.0
298160000000,,0.0,0.0,0.0,,0.0,0.0,0.0
298260000000,,0.0,0.0,0.0,,0.0,0.0,0.0
298360000000,,0.0,0.0,0.0,,0.0,0.0,0.0
298460000000,,0.0,0.0,0.0,,0.0,0.0,0.0
298560000000,,0.0,0.0,0.0,,0.0,0.0,0.0
298660000000,,0.0,0.0,0.0,,0.0,0.0,0.0
298760000000,,0.0,0.0,0.0,,0.0,0.0,0.0
298860000000,,0.0,0.0,0.0,,0.0,0.0,0.0
298960000000,,0.0,0.0,0.0,,0.0,0.0,0.0
299059000000,,0.0,0.0,0.0,,0.0,0.0,0.0
